Year;Region;Factor;0.4;5.9;10.14;15.19;20.24;25.29;30.34;35.39;40.44;45.49;50.54;55.59;60.64;65.69;70.74;75.79;80 and over;Total
2013;Northland;Total;6720;6190;5940;5250;3880;3070;2710;2910;3230;3280;3440;2660;2000;1500;1130;720;590;55220
2013;Northland;Male;3470;3160;3140;2710;1860;1390;1200;1270;1500;1530;1580;1230;890;690;520;300;230;26670
2013;Northland;Female;3250;3040;2800;2550;2020;1680;1510;1640;1730;1750;1860;1420;1110;810;610;420;370;28570
2013;Auckland;Total;21210;18670;16790;17010;15600;11840;10230;10120;10890;9790;9010;6440;4830;3250;2020;1200;910;169810
2013;Auckland;Male;10980;9610;8610;8590;7390;5340;4590;4680;5020;4640;4170;2900;2210;1540;900;500;310;81980
2013;Auckland;Female;10230;9060;8180;8420;8210;6490;5640;5430;5870;5160;4840;3540;2620;1710;1120;700;590;87810
2013;Waikato;Total;11880;10830;10150;9520;8280;6410;5600;5480;5750;5230;5090;3960;2980;2100;1400;770;710;96140
2013;Waikato;Male;6160;5530;5230;4820;3990;3020;2550;2530;2630;2440;2350;1860;1370;990;670;350;290;46780
2013;Waikato;Female;5720;5300;4920;4700;4290;3390;3050;2950;3120;2790;2740;2110;1600;1110;730;430;420;49370
2013;Bay of Plenty;Total;9020;8900;8470;7600;5710;4540;4360;4630;4770;4420;4540;3600;2750;1910;1410;860;740;78230
2013;Bay of Plenty;Male;4650;4570;4360;3890;2720;2020;1940;2100;2200;1980;2140;1620;1310;920;650;380;260;37710
2013;Bay of Plenty;Female;4370;4330;4110;3710;2980;2520;2420;2530;2570;2440;2400;1970;1450;990;760;480;490;40520
2013;Gisborne;Total;2590;2550;2450;2120;1740;1380;1260;1260;1400;1300;1320;1130;890;630;420;280;280;23000
2013;Gisborne;Male;1310;1310;1290;1080;810;580;550;590;630;580;610;530;450;280;180;120;110;11010
2013;Gisborne;Female;1280;1240;1150;1040;930;800;710;670;780;720;710;600;450;350;240;160;170;12000
2013;Hawke's Bay;Total;4880;4500;4300;3930;2990;2360;2120;2260;2420;2240;2140;1700;1340;940;630;410;330;39490
2013;Hawke's Bay;Male;2450;2260;2170;2010;1370;1040;960;1010;1090;1010;1000;820;600;430;270;160;130;18780
2013;Hawke's Bay;Female;2430;2240;2140;1910;1620;1320;1150;1250;1330;1230;1150;880;740;510;360;250;200;20710
2013;Taranaki;Total;2580;2360;2200;1960;1580;1320;1170;1210;1270;1140;1110;800;610;440;320;200;170;20440
2013;Taranaki;Male;1330;1190;1120;1020;810;630;580;570;630;570;540;380;300;210;150;80;60;10170
2013;Taranaki;Female;1250;1180;1070;940;770;690;590;640;640;560;570;410;310;230;170;110;100;10230
2013;Manawatu-Wanganui;Total;5970;5550;5190;5140;4190;3160;2740;2720;2810;2810;2670;2020;1540;1070;760;450;380;49170
2013;Manawatu-Wanganui;Male;2970;2890;2710;2610;2050;1470;1260;1230;1310;1330;1270;960;720;510;350;190;150;23980
2013;Manawatu-Wanganui;Female;3000;2660;2480;2530;2150;1680;1480;1490;1500;1470;1400;1060;820;560;410;260;220;25170
2013;Wellington;Total;7630;7110;6490;6570;6170;4410;4060;4170;4310;3850;3530;2630;1930;1280;840;500;350;65830
2013;Wellington;Male;3920;3640;3260;3320;2920;2050;1910;1910;1980;1880;1590;1240;930;570;410;240;120;31890
2013;Wellington;Female;3710;3480;3230;3250;3250;2350;2150;2260;2330;1970;1940;1390;1000;700;430;270;220;33930
2013;Tasman;Total;420;450;490;390;250;160;190;220;290;240;250;180;120;100;60;40;20;3870
2013;Tasman;Male;220;230;260;200;140;70;80;100;130;110;120;90;50;40;30;20;0;1890
2013;Tasman;Female;200;220;230;190;120;80;110;120;160;130;130;80;70;60;30;20;10;1960
2013;Nelson;Total;560;580;520;500;410;300;280;300;330;310;250;170;120;80;50;30;40;4830
2013;Nelson;Male;300;300;270;280;220;140;130;130;160;150;120;80;50;30;20;10;20;2410
2013;Nelson;Female;260;280;250;230;190;170;150;170;180;160;140;90;70;40;30;20;20;2450
2013;Marlborough;Total;670;540;510;520;390;320;280;310;320;320;320;230;210;140;110;40;60;5290
2013;Marlborough;Male;330;290;280;250;190;140;120;150;160;160;140;110;100;70;60;30;20;2600
2013;Marlborough;Female;340;250;240;270;200;180;160;150;150;160;180;120;110;70;50;20;30;2680
2013;West Coast;Total;420;370;380;350;290;210;180;210;230;240;250;160;110;80;60;40;20;3600
2013;West Coast;Male;200;190;210;180;150;100;80;90;100;110;110;80;50;30;30;20;10;1740
2013;West Coast;Female;220;180;170;170;140;110;110;110;130;130;140;80;60;50;30;20;10;1860
2013;Canterbury;Total;5910;5290;4890;4850;4530;3310;2880;2820;3130;2700;2390;1800;1360;920;560;320;290;47950
2013;Canterbury;Male;3020;2720;2500;2590;2360;1700;1390;1390;1550;1340;1230;940;730;480;300;160;120;24520
2013;Canterbury;Female;2880;2570;2390;2260;2170;1610;1490;1430;1580;1350;1160;860;630;440;260;170;160;23410
2013;Otago;Total;1960;1730;1600;1930;1870;1010;930;900;1000;940;760;560;430;290;190;120;90;16310
2013;Otago;Male;1020;920;870;920;930;480;440;450;450;450;370;270;230;170;100;60;40;8170
2013;Otago;Female;930;810;730;1020;940;530;500;450;560;490;390;290;200;120;90;60;50;8160
2013;Southland;Total;1590;1500;1400;1210;970;840;760;740;720;700;640;520;390;290;230;140;110;12750
2013;Southland;Male;850;780;720;660;480;390;330;340;360;310;290;280;200;150;130;70;60;6400
2013;Southland;Female;740;720;680;560;490;450;430;400;360;390;350;240;180;140;100;60;60;6350
2013;Area outside;Total;30;35;20;15;25;25;25;20;25;25;30;30;20;10;10;5;10;360
2013;Area outside;Male;15;20;10;10;20;15;15;10;15;15;15;15;5;0;5;5;5;195
2013;Area outside;Female;15;15;10;5;5;10;10;10;15;10;15;15;10;5;5;0;5;160
2018;Northland;Total;6490;7000;6380;5630;4410;3750;3160;2850;3020;3310;3320;3420;2610;1920;1360;930;780;60340
2018;Northland;Male;3340;3620;3250;3010;2310;1790;1410;1250;1320;1530;1550;1560;1200;850;620;410;270;29290
2018;Northland;Female;3150;3380;3130;2620;2100;1960;1750;1610;1700;1780;1770;1860;1410;1070;740;520;500;31050
2018;Auckland;Total;20610;19910;18160;17530;18450;16010;11870;9900;9770;10720;9230;8430;6010;4340;2790;1650;1670;187050
2018;Auckland;Male;10540;10340;9380;8880;9220;7410;5340;4520;4500;4920;4250;3820;2650;1940;1300;730;680;90420
2018;Auckland;Female;10070;9560;8790;8650;9230;8610;6530;5390;5270;5800;4980;4610;3350;2400;1490;930;990;96650
2018;Waikato;Total;11840;12210;11110;10260;9190;7580;6330;5690;5560;5750;5190;4980;3790;2770;1870;1150;870;106140
2018;Waikato;Male;6080;6300;5650;5320;4670;3690;2940;2570;2560;2610;2420;2290;1750;1260;870;530;340;51850
2018;Waikato;Female;5770;5910;5460;4940;4520;3890;3400;3120;3000;3130;2770;2690;2040;1510;990;620;530;54290
2018;Bay of Plenty;Total;9320;9500;9160;8200;6270;5270;4510;4370;4590;4640;4300;4340;3340;2480;1580;1040;750;83660
2018;Bay of Plenty;Male;4770;4900;4700;4250;3200;2480;1980;1920;2080;2130;1940;2030;1480;1170;750;460;280;40520
2018;Bay of Plenty;Female;4550;4600;4460;3950;3070;2790;2530;2450;2510;2500;2360;2310;1850;1320;830;580;470;43130
2018;Gisborne;Total;2420;2640;2560;2370;1780;1610;1370;1270;1270;1390;1280;1280;1070;810;540;320;250;24230
2018;Gisborne;Male;1240;1330;1310;1260;910;750;570;550;590;620;570;590;490;400;230;130;90;11630
2018;Gisborne;Female;1180;1310;1250;1110;870;860;810;720;670;770;710;700;580;410;310;180;170;12610
2018;Hawke's Bay;Total;5010;4990;4590;4180;3520;2720;2320;2140;2260;2340;2150;2020;1580;1210;780;460;370;42640
2018;Hawke's Bay;Male;2570;2500;2300;2130;1800;1230;1010;960;1000;1060;980;930;750;530;350;180;110;20390
2018;Hawke's Bay;Female;2440;2490;2290;2040;1720;1490;1310;1170;1260;1280;1160;1090;820;680;430;280;250;22200
2018;Taranaki;Total;2650;2690;2450;2210;1820;1520;1340;1210;1250;1300;1160;1120;800;600;420;290;270;23100
2018;Taranaki;Male;1360;1380;1230;1140;950;780;640;600;590;640;580;540;380;300;200;130;110;11550
2018;Taranaki;Female;1290;1310;1220;1070;870;740;700;620;660;660;570;580;420;310;220;160;170;11570
2018;Manawatu-Wanganui;Total;5980;6030;5640;5190;4880;3700;3060;2750;2710;2770;2750;2600;1930;1430;940;600;450;53410
2018;Manawatu-Wanganui;Male;3070;2990;2920;2690;2570;1760;1400;1250;1220;1280;1310;1230;910;660;440;270;170;26140
2018;Manawatu-Wanganui;Female;2910;3040;2720;2510;2310;1930;1660;1500;1490;1490;1450;1370;1020;770;500;330;280;27280
2018;Wellington;Total;7650;7790;7250;6610;6660;6050;4280;3990;4140;4230;3770;3410;2470;1760;1090;650;520;72320
2018;Wellington;Male;3930;3980;3680;3300;3360;2860;2030;1850;1900;1940;1850;1530;1150;840;480;300;220;35200
2018;Wellington;Female;3720;3800;3570;3310;3300;3190;2250;2140;2250;2290;1920;1880;1320;920;610;350;310;37130
2018;Tasman;Total;480;460;480;470;360;250;160;190;230;300;230;250;170;110;90;50;40;4320
2018;Tasman;Male;250;240;240;240;190;140;70;80;110;130;110;120;90;50;30;30;10;2130
2018;Tasman;Female;240;220;230;230;180;110;90;110;120;160;130;120;80;60;60;30;30;2200
2018;Nelson;Total;570;590;600;540;480;390;310;300;310;340;310;250;170;120;80;50;50;5460
2018;Nelson;Male;290;310;310;280;270;210;140;140;140;160;150;120;80;50;30;20;10;2710
2018;Nelson;Female;280;280;290;260;220;180;170;160;170;180;160;140;90;70;40;30;30;2750
2018;Marlborough;Total;720;700;570;500;470;370;330;310;310;320;330;320;230;200;130;100;50;5960
2018;Marlborough;Male;370;350;300;270;230;180;140;130;150;170;160;140;110;100;60;50;30;2940
2018;Marlborough;Female;350;360;270;230;240;190;190;170;150;160;160;180;120;100;70;50;30;3020
2018;West Coast;Total;450;440;380;370;320;270;210;190;210;230;240;250;160;110;80;60;50;4020
2018;West Coast;Male;230;210;200;200;160;140;100;80;100;100;110;110;70;50;30;20;20;1930
2018;West Coast;Female;220;230;180;170;160;130;110;110;110;130;130;130;80;60;50;30;30;2060
2018;Canterbury;Total;6320;6340;5670;5340;4950;4250;3450;3090;3020;3280;2840;2490;1880;1410;970;610;640;56550
2018;Canterbury;Male;3240;3220;2900;2720;2660;2210;1760;1480;1480;1630;1420;1280;970;750;500;320;280;28820
2018;Canterbury;Female;3080;3110;2760;2630;2290;2040;1690;1610;1540;1660;1420;1210;910;660;470;300;360;27740
2018;Otago;Total;2100;2070;1860;2020;2030;1540;1010;960;940;1030;960;780;590;450;310;200;220;19070
2018;Otago;Male;1080;1080;980;1070;970;790;480;450;470;460;460;380;280;240;180;100;100;9570
2018;Otago;Female;1030;990;880;960;1060;750;530;510;470;570;490;400;310;210;130;100;120;9510
2018;Southland;Total;1630;1630;1540;1400;1130;900;840;770;740;730;700;630;500;360;260;190;160;14110
2018;Southland;Male;840;870;800;730;610;450;390;340;340;360;310;280;270;190;130;110;70;7090
2018;Southland;Female;790;770;740;670;520;450;450;430;400;360;380;340;230;170;130;80;90;7000
2018;Area outside;Total;25;30;35;15;10;20;25;25;20;25;20;25;25;15;5;5;5;330
2018;Area outside;Male;15;15;15;10;10;15;10;15;10;10;15;15;10;5;0;5;0;175
2018;Area outside;Female;10;15;15;10;5;5;10;10;10;10;10;10;10;10;5;0;0;145
2023;Northland;Total;6740;6750;7180;6070;4750;4210;3790;3270;2950;3080;3350;3310;3360;2510;1780;1160;1080;65340
2023;Northland;Male;3460;3480;3700;3120;2600;2200;1790;1440;1280;1340;1550;1540;1520;1140;780;510;390;31840
2023;Northland;Female;3270;3280;3480;2950;2150;2010;2000;1830;1670;1740;1800;1770;1830;1360;1000;650;680;33470
2023;Auckland;Total;22620;19260;19420;18910;18890;18650;15910;11480;9500;9600;10180;8700;7990;5540;3870;2400;2580;205500
2023;Auckland;Male;11570;9880;10120;9640;9480;9130;7330;5230;4300;4390;4540;3930;3560;2410;1710;1110;1090;99420
2023;Auckland;Female;11050;9380;9300;9270;9420;9520;8580;6260;5200;5200;5640;4770;4430;3130;2170;1300;1490;106110
2023;Waikato;Total;12330;12140;12460;11220;9810;8320;7400;6340;5700;5510;5670;5050;4750;3540;2480;1560;1240;115520
2023;Waikato;Male;6320;6200;6410;5730;5120;4290;3560;2900;2560;2520;2580;2340;2170;1620;1120;710;490;56640
2023;Waikato;Female;6010;5940;6050;5490;4690;4030;3840;3440;3140;2990;3090;2710;2590;1920;1360;850;750;58890
2023;Bay of Plenty;Total;9440;9760;9790;8900;6840;5740;5160;4500;4320;4450;4520;4130;4090;3080;2160;1250;980;89110
2023;Bay of Plenty;Male;4830;4990;5040;4590;3540;2920;2400;1950;1900;2000;2080;1850;1880;1350;1000;570;370;43260
2023;Bay of Plenty;Female;4610;4770;4750;4310;3300;2820;2760;2550;2430;2440;2430;2280;2200;1730;1170;680;590;45820
2023;Gisborne;Total;2430;2470;2650;2490;2000;1630;1580;1380;1280;1260;1370;1250;1220;990;720;430;290;25440
2023;Gisborne;Male;1250;1260;1330;1280;1080;840;730;560;550;580;610;560;550;450;350;180;90;12250
2023;Gisborne;Female;1190;1210;1320;1210;930;790;860;820;720;670;760;700;670;540;370;250;200;13210
2023;Hawke's Bay;Total;5170;5110;5080;4460;3750;3190;2650;2320;2120;2170;2250;2020;1900;1450;1040;600;450;45730
2023;Hawke's Bay;Male;2660;2610;2540;2260;1910;1630;1180;1000;950;970;1030;920;870;680;440;260;140;22050
2023;Hawke's Bay;Female;2520;2500;2540;2200;1840;1560;1470;1320;1170;1200;1220;1100;1030;770;590;350;320;23700
2023;Taranaki;Total;2850;2770;2790;2480;2070;1730;1520;1380;1260;1280;1320;1170;1120;800;590;390;440;25960
2023;Taranaki;Male;1460;1410;1430;1250;1070;910;780;650;620;610;650;590;540;380;290;180;180;13000
2023;Taranaki;Female;1390;1360;1370;1220;990;820;750;730;640;670;670;580;580;420;300;210;250;12950
2023;Manawatu-Wanganui;Total;6210;6040;6140;5650;4910;4320;3570;3050;2730;2660;2730;2700;2510;1820;1290;790;660;57780
2023;Manawatu-Wanganui;Male;3190;3080;3030;2900;2650;2260;1670;1390;1230;1190;1260;1270;1180;850;590;360;240;28340
2023;Manawatu-Wanganui;Female;3020;2960;3110;2750;2270;2060;1890;1670;1500;1480;1470;1420;1330;970;700;430;410;29440
2023;Wellington;Total;8000;7760;7900;7330;6600;6430;5820;4140;3910;4020;4110;3610;3210;2260;1530;870;720;78220
2023;Wellington;Male;4110;3960;4020;3700;3310;3250;2780;1940;1810;1830;1890;1770;1430;1050;720;370;310;38250
2023;Wellington;Female;3890;3790;3880;3620;3300;3180;3040;2210;2100;2190;2220;1840;1780;1210;810;500;410;39970
2023;Tasman;Total;550;520;490;460;440;350;250;170;200;230;290;230;240;170;110;80;70;4850
2023;Tasman;Male;280;260;250;230;230;180;140;80;90;110;130;110;120;90;50;30;30;2410
2023;Tasman;Female;270;250;240;230;210;170;110;90;110;120;160;130;120;80;60;50;40;2440
2023;Nelson;Total;620;600;620;620;520;460;390;320;310;320;350;310;250;170;120;70;70;6120
2023;Nelson;Male;320;310;330;320;270;260;210;140;140;140;160;150;120;80;50;30;20;3050
2023;Nelson;Female;300;290;290;310;250;200;180;180;160;180;180;160;140;90;70;40;50;3070
2023;Marlborough;Total;750;760;730;550;450;450;380;350;300;310;330;330;320;220;190;120;100;6640
2023;Marlborough;Male;380;380;360;290;250;210;170;140;130;160;170;170;140;110;90;50;50;3250
2023;Marlborough;Female;370;370;370;260;200;230;200;200;170;150;160;170;180;120;100;70;60;3380
2023;West Coast;Total;480;460;450;380;340;300;270;220;190;210;230;240;240;160;110;80;90;4450
2023;West Coast;Male;240;240;210;200;190;150;140;100;80;100;100;110;110;70;50;30;40;2160
2023;West Coast;Female;230;230;240;180;150;150;130;110;110;120;130;130;130;80;60;50;50;2280
2023;Canterbury;Total;6790;6660;6640;6030;5300;4510;4260;3540;3180;3070;3330;2850;2470;1830;1350;900;950;63660
2023;Canterbury;Male;3480;3390;3370;3070;2710;2430;2210;1790;1530;1510;1660;1420;1260;930;710;450;430;32350
2023;Canterbury;Female;3310;3260;3270;2960;2590;2080;2050;1750;1650;1570;1670;1430;1210;890;640;450;520;31300
2023;Otago;Total;2290;2200;2190;2270;2090;1680;1510;1020;980;950;1040;950;780;590;450;300;360;21650
2023;Otago;Male;1170;1120;1130;1180;1100;820;770;480;460;480;470;460;380;280;230;160;160;10850
2023;Otago;Female;1120;1080;1060;1100;990;860;740;540;520;480;580;490;400;310;210;140;190;10810
2023;Southland;Total;1690;1650;1660;1540;1300;1030;870;830;760;740;720;680;600;470;320;220;220;15300
2023;Southland;Male;870;850;880;810;680;560;440;390;340;340;360;300;270;250;170;110;100;7720
2023;Southland;Female;820;810;780;730;620;460;440;450;430;400;360;380;330;220;160;110;120;7620
2023;Area outside;Total;20;25;30;30;15;10;20;25;20;15;20;20;20;20;10;5;5;310
2023;Area outside;Male;10;10;15;15;5;5;15;10;15;10;10;10;10;10;5;0;5;160
2023;Area outside;Female;10;10;15;15;5;0;5;10;10;10;10;5;10;10;5;0;0;130
2028;Northland;Total;7090;7010;6940;6900;5220;4560;4260;3920;3380;3010;3130;3360;3280;3240;2340;1550;1460;70650
2028;Northland;Male;3640;3610;3570;3580;2720;2500;2210;1830;1480;1310;1370;1550;1510;1460;1050;660;550;34600
2028;Northland;Female;3440;3400;3380;3320;2490;2060;2050;2090;1890;1710;1760;1810;1770;1780;1280;890;910;36030
2028;Auckland;Total;24650;21280;18750;20240;20320;19130;18570;15560;11100;9340;9090;9670;8310;7480;5050;3420;3790;225750
2028;Auckland;Male;12620;10910;9650;10420;10260;9410;9070;7230;5020;4200;4040;4230;3700;3290;2170;1490;1650;109360
2028;Auckland;Female;12030;10370;9110;9820;10070;9720;9500;8320;6080;5140;5050;5440;4610;4190;2880;1930;2140;116400
2028;Waikato;Total;13000;12650;12400;12610;10810;8940;8150;7430;6370;5660;5450;5550;4860;4490;3220;2140;1830;125560
2028;Waikato;Male;6670;6460;6320;6510;5560;4730;4160;3540;2900;2530;2490;2510;2230;2030;1460;930;730;61760
2028;Waikato;Female;6330;6190;6080;6100;5250;4210;3990;3890;3470;3130;2960;3040;2630;2460;1760;1200;1100;63790
2028;Bay of Plenty;Total;9770;9900;10040;9560;7580;6310;5630;5160;4470;4200;4340;4360;3920;3830;2750;1770;1310;94900
2028;Bay of Plenty;Male;5000;5070;5130;4950;3900;3260;2840;2370;1940;1830;1960;2000;1730;1750;1190;790;530;46240
2028;Bay of Plenty;Female;4770;4840;4910;4610;3680;3050;2800;2790;2530;2370;2380;2370;2190;2080;1560;980;770;48680
2028;Gisborne;Total;2480;2480;2470;2590;2140;1850;1600;1590;1380;1270;1240;1350;1210;1150;890;590;410;26690
2028;Gisborne;Male;1270;1260;1250;1300;1110;1000;820;720;560;550;580;600;530;510;400;280;140;12880
2028;Gisborne;Female;1210;1210;1220;1280;1030;840;780;870;820;720;660;750;680;640;490;310;270;13780
2028;Hawke's Bay;Total;5440;5290;5200;4970;4060;3430;3120;2660;2310;2050;2090;2130;1920;1770;1280;840;630;49190
2028;Hawke's Bay;Male;2790;2710;2650;2510;2050;1750;1580;1170;990;920;940;980;870;800;590;340;210;23850
2028;Hawke's Bay;Female;2650;2580;2550;2460;2000;1680;1540;1480;1320;1120;1140;1160;1050;970;690;500;420;25310
2028;Taranaki;Total;3110;2970;2880;2830;2350;1970;1740;1570;1430;1290;1310;1340;1180;1110;780;550;630;29040
2028;Taranaki;Male;1590;1510;1460;1460;1190;1030;910;800;670;630;620;660;590;530;370;260;270;14550
2028;Taranaki;Female;1510;1460;1410;1370;1160;950;830;780;760;660;690;680;590;580;410;290;360;14490
2028;Manawatu-Wanganui;Total;6510;6270;6140;6160;5380;4360;4190;3570;3050;2690;2630;2690;2620;2390;1670;1110;960;62390
2028;Manawatu-Wanganui;Male;3350;3200;3110;3020;2870;2340;2170;1660;1370;1200;1170;1240;1230;1110;770;500;370;30680
2028;Manawatu-Wanganui;Female;3170;3070;3030;3150;2510;2020;2020;1910;1670;1490;1460;1450;1390;1280;900;620;570;31710
2028;Wellington;Total;8460;8120;7870;8020;7330;6370;6220;5690;4080;3800;3920;3970;3430;2990;2020;1280;1050;84620
2028;Wellington;Male;4340;4150;4000;4060;3710;3200;3180;2690;1900;1750;1790;1820;1670;1320;920;590;430;41520
2028;Wellington;Female;4120;3970;3870;3950;3620;3180;3040;3000;2180;2050;2120;2150;1760;1670;1100;690;630;43100
2028;Tasman;Total;630;580;550;470;440;430;350;250;170;200;230;290;230;230;160;100;120;5430
2028;Tasman;Male;320;300;280;240;220;230;190;140;80;90;110;130;110;120;80;50;50;2740
2028;Tasman;Female;310;280;270;230;220;210;170;110;90;110;120;160;120;120;70;50;80;2720
2028;Nelson;Total;680;650;620;640;600;490;460;410;330;310;330;350;310;250;160;110;120;6820
2028;Nelson;Male;350;330;320;340;310;260;260;220;150;150;140;160;150;110;80;40;40;3410
2028;Nelson;Female;330;310;300;310;300;240;200;190;190;170;180;180;160;140;90;70;70;3430
2028;Marlborough;Total;790;790;790;720;500;430;450;400;350;310;320;340;330;310;210;180;160;7380
2028;Marlborough;Male;410;400;400;350;270;230;210;180;140;130;160;180;160;140;100;80;60;3600
2028;Marlborough;Female;390;390;390;370;230;200;240;220;200;170;160;160;170;180;110;100;100;3780
2028;West Coast;Total;510;490;480;440;350;320;300;270;220;200;210;230;240;240;150;100;140;4890
2028;West Coast;Male;260;250;240;210;180;180;150;140;110;80;100;100;110;110;70;40;50;2380
2028;West Coast;Female;250;240;240;230;160;140;150;130;120;110;110;130;130;130;80;60;90;2500
2028;Canterbury;Total;7370;7150;6980;7040;6010;4860;4530;4370;3650;3240;3130;3350;2830;2410;1750;1260;1420;71350
2028;Canterbury;Male;3780;3650;3540;3550;3070;2480;2430;2250;1840;1550;1540;1660;1400;1220;890;650;640;36140
2028;Canterbury;Female;3590;3500;3430;3480;2940;2380;2100;2120;1810;1690;1590;1680;1420;1190;860;610;780;35170
2028;Otago;Total;2510;2400;2320;2610;2350;1740;1650;1520;1040;1000;970;1050;960;790;590;430;540;24470
2028;Otago;Male;1290;1220;1180;1330;1220;940;800;770;490;460;480;470;460;380;280;220;270;12260
2028;Otago;Female;1220;1170;1140;1280;1130;790;850;750;550;530;480;580;500;410;310;210;280;12180
2028;Southland;Total;1800;1720;1680;1670;1450;1200;1000;870;830;760;730;700;660;570;430;280;290;16640
2028;Southland;Male;930;880;860;890;760;630;550;430;390;330;340;350;290;260;220;140;130;8380
2028;Southland;Female;880;840;820;770;690;570;450;440;450;420;390;350;370;320;200;140;160;8260
2028;Area outside;Total;20;20;20;25;25;10;10;25;20;20;15;15;15;15;15;5;5;280
2028;Area outside;Male;10;10;10;10;15;5;5;15;10;10;5;10;10;5;5;0;0;135
2028;Area outside;Female;10;10;10;15;15;5;5;5;10;5;5;5;5;10;10;5;0;130
2033;Northland;Total;7580;7360;7200;6670;6060;5040;4610;4390;4040;3450;3070;3160;3350;3210;3050;2070;2030;76340
2033;Northland;Male;3900;3790;3700;3450;3190;2630;2500;2250;1880;1510;1340;1380;1530;1470;1360;910;770;37560
2033;Northland;Female;3680;3570;3500;3220;2870;2400;2110;2140;2160;1940;1740;1780;1820;1740;1690;1160;1270;38790
2033;Auckland;Total;26530;23370;20790;19550;21720;20590;19070;18260;15220;10950;8850;8630;9300;7850;6930;4550;5520;247680
2033;Auckland;Male;13580;11990;10680;9940;11080;10200;9360;9000;7050;4930;3850;3750;4020;3460;3020;1930;2350;120190
2033;Auckland;Female;12950;11390;10110;9610;10640;10390;9720;9270;8170;6030;5000;4880;5280;4400;3920;2620;3170;127550
2033;Waikato;Total;13940;13340;12930;12570;12240;9960;8770;8190;7490;6350;5610;5350;5370;4630;4150;2840;2720;136450
2033;Waikato;Male;7150;6820;6590;6430;6350;5180;4610;4150;3560;2880;2510;2440;2410;2110;1860;1260;1080;67390
2033;Waikato;Female;6790;6520;6340;6140;5890;4780;4160;4040;3930;3470;3110;2910;2960;2520;2290;1580;1640;69070
2033;Bay of Plenty;Total;10360;10240;10210;9800;8280;7070;6210;5640;5140;4350;4110;4210;4170;3710;3480;2330;1960;101270
2033;Bay of Plenty;Male;5310;5240;5210;5030;4280;3630;3180;2820;2360;1880;1800;1890;1890;1630;1560;970;810;49490
2033;Bay of Plenty;Female;5060;5000;5000;4770;4000;3440;3030;2820;2780;2480;2310;2320;2290;2090;1910;1360;1150;51810
2033;Gisborne;Total;2560;2520;2480;2400;2240;1990;1820;1610;1600;1380;1260;1230;1310;1150;1050;750;610;27960
2033;Gisborne;Male;1310;1290;1260;1220;1130;1040;980;820;720;560;540;570;570;500;460;330;230;13530
2033;Gisborne;Female;1250;1230;1220;1180;1110;950;840;800;880;820;710;660;740;650;590;420;380;14430
2033;Hawke's Bay;Total;5820;5560;5400;5090;4580;3740;3360;3130;2660;2240;1970;1980;2040;1810;1590;1070;950;52990
2033;Hawke's Bay;Male;2990;2840;2750;2620;2300;1890;1710;1580;1170;970;900;900;930;800;710;480;340;25880
2033;Hawke's Bay;Female;2830;2710;2640;2470;2270;1850;1650;1550;1490;1270;1070;1090;1110;1000;890;590;610;27090
2033;Taranaki;Total;3440;3240;3080;2920;2710;2270;1980;1790;1630;1460;1320;1330;1350;1180;1080;740;900;32420
2033;Taranaki;Male;1760;1650;1570;1500;1400;1150;1030;930;820;690;650;630;660;580;510;340;390;16260
2033;Taranaki;Female;1680;1590;1510;1420;1310;1110;960;860;810;770;670;700;690;590;570;400;500;16140
2033;Manawatu-Wanganui;Total;6950;6590;6390;6160;5910;4840;4240;4200;3580;3010;2660;2600;2630;2520;2230;1470;1420;67400
2033;Manawatu-Wanganui;Male;3570;3370;3240;3090;2990;2560;2250;2160;1660;1350;1190;1150;1200;1170;1030;660;570;33210
2033;Manawatu-Wanganui;Female;3380;3220;3140;3070;2920;2270;1990;2040;1920;1670;1480;1440;1430;1350;1200;810;850;34180
2033;Wellington;Total;9030;8600;8250;7980;8050;7110;6160;6110;5630;3970;3710;3790;3800;3220;2730;1740;1640;91520
2033;Wellington;Male;4630;4400;4190;4040;4080;3600;3120;3100;2660;1840;1720;1730;1730;1560;1180;770;690;45040
2033;Wellington;Female;4400;4200;4050;3940;3970;3510;3040;3000;2970;2130;1990;2060;2060;1670;1540;970;950;46450
2033;Tasman;Total;720;670;610;530;450;430;430;360;260;170;200;230;290;220;220;140;180;6110
2033;Tasman;Male;370;340;310;270;230;220;230;190;140;80;90;110;130;100;110;80;70;3070
2033;Tasman;Female;350;330;300;260;220;220;210;170;110;90;110;120;160;120;110;70;110;3060
2033;Nelson;Total;750;710;670;640;630;580;500;480;420;340;320;330;350;310;250;160;180;7620
2033;Nelson;Male;390;360;340;330;330;300;260;260;220;150;150;150;160;150;110;70;70;3800
2033;Nelson;Female;370;350;330;310;300;280;240;210;190;190;170;180;190;160;130;90;110;3800
2033;Marlborough;Total;870;830;830;780;680;480;430;470;400;350;320;330;340;320;300;200;240;8170
2033;Marlborough;Male;440;420;420;390;340;260;230;220;180;150;140;170;180;160;130;90;100;4020
2033;Marlborough;Female;420;410;410;390;340;220;200;250;220;210;180;160;160;160;170;110;140;4150
2033;West Coast;Total;560;530;510;470;410;330;320;300;280;230;200;210;230;240;230;150;190;5390
2033;West Coast;Male;290;270;260;240;190;170;170;150;140;110;80;100;100;110;110;70;70;2630
2033;West Coast;Female;270;260;250;230;220;150;140;150;140;120;110;110;130;130;130;80;130;2750
2033;Canterbury;Total;8100;7750;7490;7390;7050;5590;4880;4640;4480;3720;3300;3160;3330;2770;2320;1650;2060;79680
2033;Canterbury;Male;4150;3960;3810;3730;3570;2840;2480;2480;2310;1870;1590;1560;1640;1370;1170;820;950;40300
2033;Canterbury;Female;3940;3800;3680;3650;3480;2740;2390;2160;2180;1850;1710;1600;1680;1400;1150;830;1100;39340
2033;Otago;Total;2770;2620;2520;2750;2700;2000;1710;1670;1540;1060;1010;970;1050;960;780;570;800;27480
2033;Otago;Male;1420;1340;1280;1380;1380;1070;920;800;780;500;470;490;470;460;370;260;390;13780
2033;Otago;Female;1350;1280;1240;1370;1320;930;790;860;760;560;540;480;580;500;410;310;420;13700
2033;Southland;Total;1960;1840;1750;1690;1580;1350;1170;1000;880;830;750;710;690;630;530;370;380;18110
2033;Southland;Male;1010;940;890;870;850;710;620;550;440;380;330;330;340;280;230;190;160;9120
2033;Southland;Female;950;900;860;820;740;640;560;450;440;440;420;380;340;350;300;190;220;9000
2033;Area outside;Total;20;20;15;20;25;25;10;10;20;20;15;10;15;10;15;10;5;265
2033;Area outside;Male;10;10;10;10;10;10;5;5;15;10;10;5;5;5;5;5;0;130
2033;Area outside;Female;10;10;10;10;15;10;5;5;5;10;5;5;5;5;5;5;5;125
2038;Northland;Total;8090;7870;7570;6930;5840;5890;5090;4750;4510;4130;3510;3110;3170;3300;3060;2750;2860;82430
2038;Northland;Male;4160;4050;3890;3590;3070;3100;2640;2550;2300;1910;1540;1350;1380;1500;1390;1200;1110;40730
2038;Northland;Female;3930;3820;3680;3350;2770;2790;2450;2200;2210;2220;1970;1760;1790;1800;1670;1550;1760;41720
2038;Auckland;Total;28020;25320;22960;21610;21000;22000;20550;18800;17980;15120;10480;8420;8340;8870;7360;6350;7750;270930
2038;Auckland;Male;14350;12990;11800;10990;10590;11030;10160;9300;8840;6980;4590;3590;3580;3790;3210;2730;3220;131740
2038;Auckland;Female;13670;12340;11160;10620;10410;10970;10400;9500;9140;8140;5890;4830;4760;5080;4150;3610;4530;139200
2038;Waikato;Total;14960;14300;13640;13120;12210;11410;9800;8820;8250;7500;6320;5530;5210;5170;4330;3720;3920;148210
2038;Waikato;Male;7680;7310;6950;6710;6280;5990;5070;4600;4170;3550;2870;2470;2360;2310;1960;1630;1560;73470
2038;Waikato;Female;7290;6990;6690;6410;5930;5430;4740;4220;4080;3950;3450;3070;2850;2860;2370;2090;2340;74760
2038;Bay of Plenty;Total;11080;10840;10550;10010;8510;7780;6980;6220;5630;5040;4280;4000;4050;3990;3420;3030;2870;108280
2038;Bay of Plenty;Male;5680;5550;5390;5130;4360;4010;3550;3160;2810;2310;1850;1740;1800;1790;1480;1330;1130;53070
2038;Bay of Plenty;Female;5400;5290;5160;4870;4160;3770;3420;3060;2810;2730;2420;2260;2250;2200;1940;1700;1750;55190
2038;Gisborne;Total;2630;2600;2520;2410;2050;2090;1970;1830;1630;1600;1370;1250;1200;1260;1070;910;880;29270
2038;Gisborne;Male;1350;1330;1280;1230;1050;1060;1020;980;820;720;560;540;550;550;460;390;340;14230
2038;Gisborne;Female;1280;1270;1240;1180;1000;1030;950;850;810;880;810;710;650;710;610;520;540;15040
2038;Hawke's Bay;Total;6240;5950;5680;5300;4700;4270;3680;3370;3130;2600;2170;1880;1910;1940;1650;1370;1350;57190
2038;Hawke's Bay;Male;3200;3050;2900;2730;2420;2150;1850;1700;1570;1150;950;860;860;870;720;590;510;28080
2038;Hawke's Bay;Female;3030;2910;2780;2570;2280;2120;1830;1670;1560;1450;1220;1020;1050;1070;930;780;830;29100
2038;Taranaki;Total;3810;3580;3360;3140;2800;2630;2280;2030;1840;1670;1500;1340;1340;1350;1150;1020;1260;36100
2038;Taranaki;Male;1950;1830;1710;1610;1440;1360;1150;1050;950;840;710;660;640;660;570;480;540;18150
2038;Taranaki;Female;1860;1750;1650;1530;1360;1270;1130;990;890;830;790;690;710;690;590;550;710;17990
2038;Manawatu-Wanganui;Total;7400;7030;6710;6430;5910;5380;4710;4260;4210;3560;2990;2640;2550;2560;2370;2000;2040;72750
2038;Manawatu-Wanganui;Male;3800;3590;3410;3240;3060;2700;2480;2250;2160;1640;1340;1170;1130;1160;1090;900;830;35950
2038;Manawatu-Wanganui;Female;3600;3440;3300;3190;2850;2690;2230;2000;2050;1920;1660;1470;1420;1400;1280;1100;1220;36820
2038;Wellington;Total;9600;9180;8740;8380;8020;7840;6900;6050;6070;5540;3890;3590;3630;3600;2970;2430;2470;98900
2038;Wellington;Male;4930;4700;4450;4240;4060;3980;3530;3050;3080;2610;1820;1660;1650;1630;1420;1030;1040;48880
2038;Wellington;Female;4670;4490;4300;4130;3960;3860;3370;3000;2990;2920;2070;1930;1980;1970;1550;1400;1440;50030
2038;Tasman;Total;790;760;700;600;500;440;440;440;370;260;170;200;230;280;220;210;260;6870
2038;Tasman;Male;410;390;360;300;250;230;220;230;190;150;80;90;110;130;100;110;120;3470
2038;Tasman;Female;390;370;340;300;250;220;220;210;170;110;90;110;120;150;120;110;140;3420
2038;Nelson;Total;810;780;740;690;630;610;590;510;490;430;350;320;330;350;300;240;280;8450
2038;Nelson;Male;420;400;380;350;320;320;300;270;270;230;150;150;150;160;150;110;110;4240
2038;Nelson;Female;400;380;360;340;310;290;290;250;220;200;190;170;190;180;160;130;170;4230
2038;Marlborough;Total;970;910;870;820;740;650;480;450;470;410;360;330;330;330;310;280;320;9030
2038;Marlborough;Male;500;460;440;420;380;320;260;240;220;190;150;150;170;180;150;120;130;4480
2038;Marlborough;Female;470;440;430;410;360;330;230;220;250;220;210;180;160;160;160;170;190;4590
2038;West Coast;Total;610;580;550;510;440;390;320;320;310;280;230;200;220;230;230;220;270;5910
2038;West Coast;Male;310;290;280;260;220;180;170;180;160;140;110;90;100;100;100;100;110;2900
2038;West Coast;Female;300;280;270;250;220;210;150;150;150;140;120;110;110;130;130;130;170;3020
2038;Canterbury;Total;8920;8490;8120;7930;7420;6630;5600;4990;4770;4570;3790;3340;3160;3280;2690;2200;2860;88760
2038;Canterbury;Male;4570;4340;4130;4020;3760;3350;2850;2530;2550;2350;1910;1610;1550;1610;1320;1090;1330;44870
2038;Canterbury;Female;4350;4160;3980;3920;3660;3280;2760;2460;2230;2220;1880;1730;1610;1670;1370;1110;1540;43930
2038;Otago;Total;3070;2890;2760;2960;2840;2350;1970;1730;1700;1560;1080;1020;980;1060;950;760;1130;30810
2038;Otago;Male;1570;1480;1400;1490;1420;1230;1050;930;820;790;500;480;490;470;450;350;510;15430
2038;Otago;Female;1490;1420;1360;1480;1410;1120;930;800;880;780;570;540;490;590;500;400;620;15380
2038;Southland;Total;2150;2000;1870;1770;1600;1490;1320;1170;1000;870;820;740;700;660;590;480;540;19770
2038;Southland;Male;1100;1020;950;910;830;800;700;610;550;440;380;330;320;330;260;200;240;9970
2038;Southland;Female;1040;980;920;860;780;690;630;560;450;440;440;420;380;330;330;280;300;9830
2038;Area outside;Total;25;20;15;15;15;20;25;10;5;15;15;10;5;10;10;10;15;240
2038;Area outside;Male;10;10;10;5;5;10;10;5;5;15;10;10;5;5;5;5;5;130
2038;Area outside;Female;10;10;10;5;10;10;15;5;5;5;5;5;5;5;5;5;5;120
