Year,Region,Factor,0.4,5.9,10.14,15.19,20.24,25.29,30.34,35.39,40.44,45.49,50.54,55.59,60.64,65.69,70.74,75.79,80 and over,Total
2006,Northland,Total,10620,11700,13000,11290,7050,6560,8420,10160,11320,11490,10550,10060,8330,7370,5360,4400,4970,152650
2006,Northland,Male,5350,5940,6710,5840,3610,3090,3960,4790,5350,5510,5230,4980,4080,3800,2690,2150,1960,75040
2006,Northland,Female,5270,5760,6290,5450,3440,3470,4460,5370,5970,5980,5320,5080,4250,3580,2670,2250,3010,77620
2006,Waitemata,Total,34490,35480,37540,38040,34430,31100,35760,41420,42050,37940,31140,28500,21700,17130,12840,11000,14140,504700
2006,Waitemata,Male,17800,18060,19310,19410,17560,15230,16920,19740,20330,18360,15200,13970,10540,8200,6120,4990,5230,246970
2006,Waitemata,Female,16700,17420,18240,18630,16870,15870,18840,21680,21730,19580,15940,14520,11150,8930,6710,6000,8900,257710
2006,Auckland,Total,27710,25210,26030,29630,42210,39160,37230,35090,33920,29810,25110,21330,15420,12250,8720,7630,11810,428270
2006,Auckland,Male,14240,12980,13430,14790,20550,19130,18040,16980,16710,14660,12300,10600,7610,5960,4130,3440,4050,209600
2006,Auckland,Female,13470,12230,12600,14840,21660,20030,19190,18110,17210,15150,12810,10720,7810,6290,4590,4190,7760,218660
2006,Counties Manukau,Total,37910,38170,39430,38130,32100,28830,31470,35040,35370,31480,26080,23190,17790,13690,9540,7690,8900,454810
2006,Counties Manukau,Male,19480,19390,20160,19430,15800,13580,14680,16530,17100,15420,12830,11410,8720,6680,4410,3580,3260,222460
2006,Counties Manukau,Female,18430,18780,19270,18700,16290,15260,16780,18510,18270,16060,13250,11780,9070,7010,5130,4110,5640,232340
2006,Waikato,Total,25140,25980,27720,27200,24350,20930,22060,24700,25460,24720,21850,20190,15960,13510,10700,8910,10830,350210
2006,Waikato,Male,12670,13300,14370,13730,12370,10410,10530,11700,12250,12010,10770,9880,7750,6600,5260,4130,4080,171810
2006,Waikato,Female,12470,12680,13340,13470,11980,10530,11530,13000,13220,12710,11080,10310,8200,6910,5440,4780,6770,178420
2006,Lakes,Total,7800,8070,8450,7560,5620,5850,6640,7460,7580,7480,6350,5890,4680,3870,2960,2480,2780,101520
2006,Lakes,Male,4000,4160,4320,3870,2830,2770,3180,3530,3580,3690,3080,2840,2300,1950,1430,1180,1030,49740
2006,Lakes,Female,3800,3910,4120,3690,2780,3090,3460,3930,3990,3790,3270,3050,2380,1920,1530,1300,1750,51760
2006,Bay of Plenty,Total,13650,14820,15900,14180,9760,9910,11850,13660,14860,14600,13170,12350,10260,9560,7560,6620,8080,200790
2006,Bay of Plenty,Male,7050,7650,8110,7270,4920,4820,5550,6300,7120,6990,6360,6020,4960,4540,3670,3160,3200,97690
2006,Bay of Plenty,Female,6600,7170,7790,6910,4840,5090,6300,7360,7740,7610,6820,6340,5300,5020,3890,3460,4890,103130
2006,Tairawhiti,Total,3750,3920,4190,3670,2490,2410,2780,3070,3260,3380,2990,2620,1930,1670,1340,1120,1340,45930
2006,Tairawhiti,Male,1920,1990,2140,1900,1190,1120,1320,1430,1550,1630,1510,1320,970,800,630,490,480,22390
2006,Tairawhiti,Female,1830,1930,2050,1770,1290,1290,1460,1650,1710,1750,1470,1300,960,870,710,630,860,23530
2006,Taranaki,Total,7070,7630,8400,8040,5710,5770,6670,7500,8020,7990,7030,6580,5150,4480,3730,3350,4320,107440
2006,Taranaki,Male,3680,3940,4280,4160,2960,2840,3170,3600,3950,3830,3550,3290,2570,2140,1810,1530,1590,52890
2006,Taranaki,Female,3390,3690,4120,3880,2750,2930,3500,3890,4080,4160,3480,3290,2580,2330,1910,1820,2730,54530
2006,Hawke's Bay,Total,10830,11520,12400,11390,7820,7840,9350,10430,11440,11240,10020,9820,7430,6200,5000,4300,5560,152590
2006,Hawke's Bay,Male,5510,5880,6400,5750,4020,3730,4380,4970,5420,5470,4880,4830,3700,2990,2350,1960,2030,74270
2006,Hawke's Bay,Female,5320,5640,6000,5630,3800,4110,4970,5460,6020,5760,5150,4990,3730,3210,2640,2340,3540,78310
2006,Whanganui,Total,4230,4610,5190,4910,3410,3050,3670,4150,4700,4760,4280,3920,3080,2870,2380,2120,2650,63980
2006,Whanganui,Male,2130,2410,2660,2550,1800,1510,1740,1990,2290,2300,2120,1960,1480,1330,1090,1000,960,31320
2006,Whanganui,Female,2100,2200,2530,2360,1610,1540,1940,2150,2410,2450,2160,1960,1600,1540,1280,1120,1680,32630
2006,Midcentral,Total,10870,11440,12320,13240,12100,9500,9990,10940,11850,11620,10010,9530,7660,6770,5540,4680,5940,164000
2006,Midcentral,Male,5540,5750,6290,6630,6080,4670,4750,5180,5650,5770,4790,4630,3730,3310,2610,2180,2190,79750
2006,Midcentral,Female,5330,5690,6040,6610,6030,4830,5230,5760,6200,5850,5210,4890,3930,3460,2930,2500,3750,84240
2006,Hutt Valley,Total,10290,10440,10820,10840,8680,8250,9920,11090,11160,10700,8700,8100,6010,4830,3760,3230,4120,140940
2006,Hutt Valley,Male,5300,5370,5550,5560,4330,3990,4760,5380,5420,5260,4330,4070,2970,2350,1740,1470,1440,69290
2006,Hutt Valley,Female,4990,5070,5270,5280,4350,4250,5160,5710,5730,5430,4370,4030,3040,2480,2030,1760,2680,71630
2006,Capital and Coast,Total,18320,17380,17750,19910,24400,21870,22560,22860,22150,19400,16390,14910,10970,8910,6810,5720,7620,277930
2006,Capital and Coast,Male,9290,8840,9050,9730,11610,10680,10670,10940,10720,9450,7920,7320,5360,4240,3230,2560,2770,134380
2006,Capital and Coast,Female,9030,8540,8690,10180,12800,11190,11890,11930,11430,9950,8470,7580,5620,4670,3580,3160,4850,143560
2006,Wairarapa,Total,2560,2730,3010,2770,1680,1690,2150,2580,2830,3060,2910,2830,2290,1950,1520,1370,1650,39580
2006,Wairarapa,Male,1270,1380,1520,1440,890,800,1020,1210,1380,1470,1450,1410,1150,950,760,610,590,19300
2006,Wairarapa,Female,1280,1350,1490,1330,790,890,1120,1370,1450,1590,1460,1430,1140,1000,760,770,1060,20280
2006,Nelson Marlborough,Total,8000,8600,9580,9030,6290,6600,8240,9540,10460,10890,9700,9560,7400,5850,4640,3950,5290,133620
2006,Nelson Marlborough,Male,4040,4480,4980,4720,3340,3240,4050,4550,5000,5340,4810,4770,3740,2930,2260,1810,2030,66090
2006,Nelson Marlborough,Female,3960,4120,4600,4310,2950,3360,4190,4990,5460,5560,4890,4790,3660,2920,2380,2140,3260,67540
2006,West Coast,Total,1950,2070,2490,2060,1470,1620,1950,2290,2660,2720,2380,2240,1730,1440,1070,860,1100,32100
2006,West Coast,Male,1040,1060,1270,1080,790,790,920,1090,1330,1420,1300,1170,880,750,570,410,420,16290
2006,West Coast,Female,910,1010,1220,980,680,830,1040,1200,1320,1300,1080,1070,850,690,500,440,680,15800
2006,Canterbury,Total,30480,30660,32660,34780,35090,29570,33180,36830,37210,35560,31440,29330,22040,18400,14690,13600,17840,483360
2006,Canterbury,Male,15460,15620,16720,17970,18030,14510,15800,17820,18050,17540,15490,14440,10910,8840,6880,6030,6400,236510
2006,Canterbury,Female,15020,15050,15940,16810,17050,15060,17380,19010,19160,18020,15950,14880,11140,9550,7810,7570,11440,246840
2006,South Canterbury,Total,3030,3520,4050,3780,2310,2350,3070,3640,4150,4260,4000,3930,3060,2810,2380,2140,2630,55110
2006,South Canterbury,Male,1580,1830,2110,1950,1220,1170,1490,1750,1960,2080,2040,2010,1500,1330,1150,980,930,27080
2006,South Canterbury,Female,1450,1690,1940,1830,1090,1180,1570,1900,2190,2180,1950,1920,1560,1480,1230,1160,1690,28010
2006,Southern,Total,17290,17900,19510,23090,24200,17470,19010,20070,22000,21990,19490,18110,13720,11960,9620,8420,10740,294590
2006,Southern,Male,8850,9180,10130,11610,11910,8660,9360,9640,10770,10870,9930,9110,6940,5910,4570,3890,3700,145030
2006,Southern,Female,8440,8720,9380,11490,12290,8810,9660,10430,11230,11130,9560,9000,6770,6050,5040,4530,7030,149560
2006,Area outside DHB,Total,5,10,10,15,20,30,35,30,30,55,55,50,55,20,20,10,0,450
2006,Area outside DHB,Male,0,10,5,10,15,20,25,20,20,35,35,35,30,15,10,10,0,295
2006,Area outside DHB,Female,5,0,5,5,5,10,10,5,10,25,20,15,20,5,10,0,0,150
2007,Northland,Total,10960,11660,12630,11490,7260,6650,8150,10080,11230,11760,10850,10130,8850,7690,5520,4460,5240,154610
2007,Northland,Male,5500,5940,6470,5930,3750,3110,3800,4720,5330,5620,5330,5010,4370,3920,2760,2180,2120,75860
2007,Northland,Female,5450,5730,6150,5560,3510,3530,4350,5360,5900,6140,5520,5120,4480,3770,2760,2280,3120,78730
2007,Waitemata,Total,35560,35420,37680,38190,34390,32000,34820,41710,41900,39240,32130,28530,23150,18090,13240,10970,14630,511650
2007,Waitemata,Male,18400,18080,19300,19430,17420,15730,16460,19810,20170,19010,15630,13990,11270,8700,6230,5020,5480,250130
2007,Waitemata,Female,17170,17340,18380,18760,16970,16270,18360,21890,21730,20220,16500,14540,11890,9390,7010,5950,9150,261520
2007,Auckland,Total,28870,25360,26200,30130,40630,39760,36480,35740,33790,30500,25690,21660,16230,12850,8970,7520,11880,432260
2007,Auckland,Male,14880,13070,13460,15010,19800,19470,17650,17230,16600,14930,12600,10790,7980,6230,4270,3410,4150,211530
2007,Auckland,Female,13990,12290,12740,15110,20830,20290,18840,18500,17190,15570,13090,10870,8250,6620,4700,4120,7730,220730
2007,Counties Manukau,Total,39150,38180,39470,38580,32110,29690,30650,35450,35380,32540,26840,23330,18780,14490,9890,7830,9230,461590
2007,Counties Manukau,Male,20160,19400,20110,19630,15800,14020,14210,16740,17100,15830,13180,11420,9230,7050,4680,3590,3460,225610
2007,Counties Manukau,Female,18990,18780,19350,18940,16310,15670,16440,18710,18290,16700,13660,11910,9550,7440,5200,4240,5780,235960
2007,Waikato,Total,25570,26010,27100,27730,24400,21290,21650,24780,25180,25380,22500,20230,16790,14090,10760,9150,11160,353770
2007,Waikato,Male,12840,13290,14060,13940,12330,10590,10400,11720,12090,12260,11040,9960,8190,6870,5220,4260,4290,173350
2007,Waikato,Female,12740,12720,13040,13790,12070,10700,11240,13060,13090,13120,11460,10280,8600,7220,5540,4890,6870,180430
2007,Lakes,Total,7920,7900,8160,7630,5560,5780,6480,7370,7340,7650,6470,5860,4900,4090,2940,2480,2910,101440
2007,Lakes,Male,4060,4080,4170,3900,2780,2730,3080,3510,3480,3740,3130,2840,2400,2030,1430,1200,1100,49660
2007,Lakes,Female,3860,3820,3990,3730,2780,3050,3390,3860,3860,3910,3340,3020,2500,2060,1510,1280,1810,51770
2007,Bay of Plenty,Total,13980,14910,15600,14480,9850,10050,11600,13840,14520,15020,13690,12360,10920,9940,7740,6670,8410,203580
2007,Bay of Plenty,Male,7240,7730,7930,7380,4960,4860,5460,6380,6880,7210,6550,6090,5240,4730,3720,3190,3370,98920
2007,Bay of Plenty,Female,6740,7180,7670,7100,4900,5190,6130,7460,7640,7800,7140,6270,5680,5210,4020,3480,5040,104650
2007,Tairawhiti,Total,3810,3850,4030,3730,2530,2380,2700,3110,3140,3370,3040,2700,1980,1720,1350,1120,1380,45940
2007,Tairawhiti,Male,1950,2000,2010,1910,1220,1120,1280,1440,1510,1580,1530,1380,980,830,640,500,500,22380
2007,Tairawhiti,Female,1850,1850,2020,1810,1310,1260,1420,1670,1640,1780,1510,1320,1000,890,710,620,880,23540
2007,Taranaki,Total,7240,7630,7980,8190,5740,5770,6540,7450,7810,8130,7260,6540,5430,4530,3730,3310,4450,107730
2007,Taranaki,Male,3760,3920,4070,4200,2970,2870,3120,3570,3820,3940,3600,3280,2670,2210,1780,1560,1650,52990
2007,Taranaki,Female,3480,3700,3910,3990,2770,2900,3430,3880,3990,4190,3650,3260,2760,2320,1950,1760,2800,54740
2007,Hawke's Bay,Total,10980,11510,12070,11450,7780,7790,9110,10520,11130,11540,10170,9770,7900,6590,5020,4370,5720,153420
2007,Hawke's Bay,Male,5620,5850,6230,5720,3980,3740,4280,4970,5310,5540,4970,4770,3900,3170,2410,2000,2100,74560
2007,Hawke's Bay,Female,5360,5660,5840,5730,3800,4050,4830,5550,5810,6000,5210,5000,3990,3420,2610,2370,3620,78850
2007,Whanganui,Total,4190,4490,5000,4930,3330,3060,3450,4100,4560,4770,4400,3840,3250,2890,2390,2120,2700,63470
2007,Whanganui,Male,2140,2340,2530,2560,1740,1530,1640,1960,2200,2300,2210,1910,1560,1360,1090,1000,990,31060
2007,Whanganui,Female,2050,2150,2470,2360,1600,1530,1810,2140,2350,2480,2190,1930,1680,1530,1300,1120,1710,32400
2007,Midcentral,Total,11010,11280,12080,13070,12060,9550,9580,10980,11510,11840,10210,9500,7980,7020,5580,4710,6100,164060
2007,Midcentral,Male,5610,5690,6130,6520,6070,4650,4580,5190,5490,5810,4910,4620,3910,3390,2660,2190,2290,79710
2007,Midcentral,Female,5400,5590,5950,6550,5990,4900,5000,5790,6030,6030,5300,4870,4080,3630,2920,2530,3820,84380
2007,Hutt Valley,Total,10230,10400,10630,10710,8670,8350,9610,11090,10960,10900,8960,8000,6330,5120,3740,3270,4220,141190
2007,Hutt Valley,Male,5280,5370,5440,5460,4350,4010,4610,5400,5280,5340,4440,4010,3150,2510,1740,1460,1520,69370
2007,Hutt Valley,Female,4960,5030,5190,5250,4320,4330,5000,5700,5670,5560,4530,3990,3180,2610,2000,1810,2690,71820
2007,Capital and Coast,Total,18760,17530,17610,20020,24010,22210,21960,23080,22260,20070,16670,14820,11680,9330,6920,5720,7840,280490
2007,Capital and Coast,Male,9560,8870,9020,9740,11340,10880,10450,10970,10710,9780,8090,7210,5730,4460,3250,2570,2900,135530
2007,Capital and Coast,Female,9200,8660,8590,10280,12670,11330,11510,12100,11550,10290,8580,7600,5960,4880,3680,3150,4940,144970
2007,Wairarapa,Total,2600,2690,2990,2740,1660,1730,2070,2620,2740,3080,2970,2880,2380,2030,1540,1350,1700,39770
2007,Wairarapa,Male,1280,1360,1500,1410,880,800,1010,1220,1320,1470,1480,1440,1190,990,770,610,620,19350
2007,Wairarapa,Female,1320,1320,1500,1340,780,930,1060,1400,1420,1610,1490,1440,1190,1040,770,740,1090,20440
2007,Nelson Marlborough,Total,8180,8600,9250,9120,6250,6590,7860,9630,10310,11000,9920,9600,7870,6300,4750,3970,5430,134630
2007,Nelson Marlborough,Male,4160,4440,4830,4770,3260,3280,3810,4640,4890,5360,4920,4730,4010,3140,2310,1850,2100,66500
2007,Nelson Marlborough,Female,4020,4150,4420,4360,2990,3310,4050,4990,5420,5640,5000,4880,3860,3160,2440,2120,3320,68130
2007,West Coast,Total,1960,2040,2340,2190,1500,1610,1860,2330,2590,2790,2470,2180,1810,1530,1090,890,1090,32270
2007,West Coast,Male,1050,1040,1180,1150,800,780,870,1120,1300,1450,1330,1150,930,790,570,440,430,16380
2007,West Coast,Female,910,1000,1160,1040,690,830,1000,1210,1290,1340,1140,1030,880,740,520,450,670,15900
2007,Canterbury,Total,31390,30940,32580,34910,35290,30100,32430,37450,37130,36880,32260,29410,23550,19240,14940,13530,18460,490490
2007,Canterbury,Male,16100,15710,16640,18110,18160,14860,15540,18080,18030,18180,15880,14520,11570,9340,6990,6040,6750,240500
2007,Canterbury,Female,15290,15230,15940,16800,17130,15240,16890,19370,19100,18700,16390,14890,11970,9900,7950,7490,11710,249990
2007,South Canterbury,Total,3100,3470,3990,3780,2340,2380,2950,3660,4030,4350,4020,3910,3250,2910,2360,2140,2700,55340
2007,South Canterbury,Male,1600,1800,2080,1960,1250,1160,1430,1770,1900,2130,2040,1970,1610,1410,1110,1020,950,27190
2007,South Canterbury,Female,1500,1680,1910,1810,1090,1220,1520,1890,2130,2220,1980,1940,1630,1510,1250,1120,1730,28130
2007,Southern,Total,17630,17920,18970,23210,23800,17680,18530,20300,21410,22400,19780,18110,14470,12440,9580,8460,10980,295670
2007,Southern,Male,9010,9230,9830,11570,11750,8760,9130,9730,10420,11020,10080,9110,7310,6150,4580,3920,3880,145480
2007,Southern,Female,8620,8680,9140,11640,12050,8920,9400,10560,10990,11380,9700,9000,7160,6290,5000,4540,7080,150150
2007,Area outside DHB,Total,5,10,10,10,20,25,35,30,30,50,55,50,45,30,15,10,5,435
2007,Area outside DHB,Male,5,5,5,5,15,20,25,20,20,30,40,30,30,20,10,10,5,295
2007,Area outside DHB,Female,0,5,5,5,5,10,10,10,15,20,15,20,15,10,10,0,0,155
2008,Northland,Total,11280,11570,12380,11510,7500,6800,7830,9990,10970,12000,11170,10290,9510,7810,5710,4530,5460,156310
2008,Northland,Male,5690,5930,6350,5920,3820,3210,3640,4690,5190,5700,5460,5080,4710,3940,2880,2220,2230,76660
2008,Northland,Female,5590,5640,6030,5590,3680,3590,4190,5300,5780,6310,5710,5200,4800,3870,2840,2310,3230,79660
2008,Waitemata,Total,36690,35270,37590,38570,33840,33300,34070,41200,41700,40410,33120,28590,24790,18500,13760,10950,15070,517420
2008,Waitemata,Male,18950,18060,19220,19640,17040,16470,16100,19490,20030,19580,16010,14010,12050,8920,6500,5040,5690,252800
2008,Waitemata,Female,17730,17210,18370,18940,16800,16830,17970,21710,21670,20830,17100,14590,12750,9570,7270,5900,9380,264620
2008,Auckland,Total,29910,25510,26170,30770,39320,40530,35850,35750,33490,31140,26380,22000,17410,13090,9280,7470,11940,436010
2008,Auckland,Male,15390,13130,13440,15420,19180,19840,17260,17250,16410,15160,12950,10920,8550,6360,4460,3390,4220,213330
2008,Auckland,Female,14520,12380,12720,15350,20140,20690,18590,18500,17080,15990,13430,11080,8860,6730,4820,4070,7720,222670
2008,Counties Manukau,Total,40390,38310,39260,38740,32550,30260,30040,35110,35220,33590,27720,23570,19920,14820,10390,7830,9670,467390
2008,Counties Manukau,Male,20780,19620,19960,19710,16050,14310,13990,16420,16980,16280,13620,11520,9760,7250,4950,3550,3690,228440
2008,Counties Manukau,Female,19610,18690,19300,19030,16500,15950,16040,18690,18240,17310,14100,12050,10160,7570,5430,4290,5980,238940
2008,Waikato,Total,26330,25820,26880,27880,24620,21540,21360,24770,24980,25860,23040,20380,18030,14320,11000,9140,11560,357510
2008,Waikato,Male,13350,13120,13950,13990,12420,10700,10310,11710,11970,12470,11260,9970,8850,6970,5380,4240,4500,175160
2008,Waikato,Female,12980,12700,12930,13890,12190,10850,11050,13050,13010,13390,11780,10410,9180,7350,5630,4900,7050,182340
2008,Lakes,Total,7980,7820,8000,7670,5630,5690,6270,7280,7220,7690,6550,5900,5170,4160,3010,2500,2980,101520
2008,Lakes,Male,4110,4030,4070,3930,2810,2700,2980,3450,3440,3710,3200,2840,2540,2060,1470,1190,1150,49680
2008,Lakes,Female,3870,3790,3930,3740,2810,2990,3290,3830,3780,3980,3350,3060,2630,2100,1540,1310,1840,51840
2008,Bay of Plenty,Total,14510,14770,15370,14540,10040,10070,11290,13930,14320,15360,13980,12480,11690,10010,8040,6730,8730,205860
2008,Bay of Plenty,Male,7470,7680,7840,7390,5040,4800,5390,6440,6710,7370,6660,6110,5640,4770,3850,3210,3530,99900
2008,Bay of Plenty,Female,7040,7100,7530,7150,5000,5280,5900,7490,7610,8000,7320,6370,6050,5240,4190,3520,5200,105990
2008,Tairawhiti,Total,3830,3840,3920,3780,2580,2370,2600,3070,3080,3380,3050,2740,2140,1750,1350,1130,1390,46000
2008,Tairawhiti,Male,1960,1990,1980,1920,1240,1110,1240,1420,1460,1600,1520,1400,1060,840,630,510,500,22380
2008,Tairawhiti,Female,1870,1850,1940,1860,1340,1270,1360,1640,1620,1780,1530,1350,1080,900,720,620,880,23610
2008,Taranaki,Total,7460,7540,7840,8020,5980,5890,6330,7500,7610,8340,7370,6590,5760,4580,3770,3270,4570,108420
2008,Taranaki,Male,3850,3900,4000,4110,3090,2930,3020,3580,3730,4050,3620,3320,2830,2250,1790,1510,1740,53320
2008,Taranaki,Female,3610,3640,3850,3910,2890,2960,3310,3910,3880,4290,3760,3270,2930,2320,1980,1750,2830,55090
2008,Hawke's Bay,Total,11200,11310,11980,11320,7870,7700,8820,10480,10800,11850,10310,9700,8540,6760,5120,4330,5910,154000
2008,Hawke's Bay,Male,5720,5720,6180,5660,4010,3680,4150,4960,5140,5680,4980,4680,4220,3290,2460,1970,2210,74710
2008,Hawke's Bay,Female,5480,5600,5800,5660,3860,4020,4670,5520,5660,6170,5330,5020,4320,3470,2660,2360,3710,79310
2008,Whanganui,Total,4270,4360,4850,4870,3380,3100,3300,4010,4340,4870,4430,3840,3440,2890,2430,2070,2780,63230
2008,Whanganui,Male,2200,2240,2510,2480,1740,1560,1570,1920,2070,2390,2180,1920,1680,1340,1120,970,1040,30930
2008,Whanganui,Female,2080,2120,2340,2390,1630,1530,1720,2090,2270,2480,2250,1920,1760,1550,1310,1100,1740,32280
2008,Midcentral,Total,11250,11180,11860,12950,11980,9620,9360,10820,11190,12080,10470,9480,8510,7070,5620,4750,6300,164490
2008,Midcentral,Male,5700,5690,5980,6460,6020,4670,4470,5130,5340,5860,5070,4590,4180,3370,2710,2200,2410,79850
2008,Midcentral,Female,5550,5490,5880,6490,5960,4950,4900,5690,5850,6210,5400,4890,4330,3700,2910,2540,3890,84630
2008,Hutt Valley,Total,10390,10230,10450,10540,8720,8360,9200,10980,10810,11070,9170,7910,6760,5170,3810,3270,4290,141130
2008,Hutt Valley,Male,5300,5300,5360,5340,4390,4010,4390,5300,5260,5380,4510,3990,3350,2510,1790,1450,1590,69220
2008,Hutt Valley,Female,5090,4930,5090,5200,4320,4340,4820,5690,5560,5700,4660,3910,3410,2660,2020,1830,2710,71940
2008,Capital and Coast,Total,19010,17800,17490,20050,23710,22490,21450,23090,21980,20760,16950,14890,12530,9500,6980,5790,8090,282560
2008,Capital and Coast,Male,9670,8990,8980,9740,11210,11030,10230,10920,10600,10080,8180,7280,6120,4530,3290,2600,3030,136480
2008,Capital and Coast,Female,9340,8800,8500,10300,12500,11450,11220,12170,11380,10680,8780,7600,6410,4960,3690,3190,5050,146020
2008,Wairarapa,Total,2650,2690,2890,2820,1680,1760,1990,2620,2730,3110,3040,2850,2570,2070,1580,1330,1780,40160
2008,Wairarapa,Male,1310,1370,1470,1400,880,830,950,1230,1330,1460,1520,1420,1290,1010,780,600,670,19520
2008,Wairarapa,Female,1340,1320,1420,1420,800,930,1040,1390,1410,1640,1520,1420,1290,1060,800,730,1110,20640
2008,Nelson Marlborough,Total,8490,8530,9170,8980,6350,6530,7580,9610,10070,11190,10170,9540,8620,6490,4900,3980,5610,135810
2008,Nelson Marlborough,Male,4350,4400,4740,4700,3300,3210,3680,4620,4780,5380,5070,4680,4360,3230,2410,1850,2200,66960
2008,Nelson Marlborough,Female,4140,4130,4430,4280,3060,3330,3900,4990,5290,5820,5100,4850,4260,3260,2500,2130,3410,68880
2008,West Coast,Total,2020,2010,2250,2220,1540,1590,1810,2290,2560,2850,2490,2190,1930,1550,1100,920,1100,32420
2008,West Coast,Male,1090,1030,1140,1180,800,770,850,1100,1270,1460,1320,1180,1000,810,550,450,450,16450
2008,West Coast,Female,920,980,1110,1050,740,820,960,1190,1290,1380,1170,1010,940,740,550,460,650,15960
2008,Canterbury,Total,32260,31110,32560,34960,35460,30680,31770,37530,37220,37780,33090,29680,25380,19620,15160,13480,18970,496710
2008,Canterbury,Male,16560,15810,16660,18110,18330,15300,15370,18020,18130,18600,16300,14640,12450,9510,7120,6070,7020,244000
2008,Canterbury,Female,15710,15300,15910,16850,17130,15370,16400,19510,19090,19170,16780,15030,12930,10110,8050,7410,11950,252700
2008,South Canterbury,Total,3160,3420,3920,3710,2390,2450,2810,3620,3950,4430,4030,3890,3470,2940,2380,2080,2800,55450
2008,South Canterbury,Male,1650,1770,2030,1940,1250,1220,1360,1760,1870,2150,2040,1950,1710,1450,1100,990,1030,27270
2008,South Canterbury,Female,1510,1650,1890,1770,1130,1230,1460,1860,2080,2280,1990,1940,1750,1490,1290,1090,1780,28190
2008,Southern,Total,17950,17840,18710,23130,23590,17810,18120,20500,20800,22570,20330,17990,15660,12460,9800,8390,11280,296930
2008,Southern,Male,9190,9200,9660,11450,11740,8780,8860,9930,10040,11090,10290,9090,7860,6160,4720,3890,4100,146050
2008,Southern,Female,8760,8640,9060,11680,11860,9040,9260,10570,10760,11470,10050,8890,7800,6300,5070,4500,7180,150890
2008,Area outside DHB,Total,5,10,10,5,20,25,30,30,30,45,55,50,45,30,15,10,5,420
2008,Area outside DHB,Male,5,5,5,5,15,15,20,20,20,30,35,35,30,20,10,10,5,285
2008,Area outside DHB,Female,0,5,5,5,5,10,10,10,10,15,20,15,15,10,5,5,0,145
2009,Northland,Total,11540,11560,12280,11410,7850,6930,7610,9830,10900,12000,11520,10550,9900,8060,6010,4560,5680,158190
2009,Northland,Male,5900,5900,6300,5810,3980,3340,3500,4610,5140,5700,5570,5210,4920,4030,3040,2220,2360,77530
2009,Northland,Female,5650,5660,5970,5600,3870,3600,4120,5210,5760,6290,5950,5350,4990,4020,2970,2340,3320,80670
2009,Waitemata,Total,37340,35390,37360,39100,33830,34160,33870,40520,41810,41000,34300,28990,25780,19350,14240,10980,15530,523550
2009,Waitemata,Male,19250,18180,19150,19810,17100,16790,16090,19190,20010,19830,16610,14100,12510,9330,6740,5080,5940,255710
2009,Waitemata,Female,18100,17200,18210,19290,16740,17370,17770,21340,21800,21170,17690,14890,13270,10020,7500,5890,9580,267830
2009,Auckland,Total,30560,25760,26130,31430,39190,40880,35890,35520,33140,32010,26920,22580,18340,13400,9760,7410,12060,440980
2009,Auckland,Male,15730,13190,13500,15660,19260,20110,17280,17090,16050,15700,13140,11120,9030,6510,4650,3430,4330,215780
2009,Auckland,Female,14830,12570,12620,15770,19930,20770,18600,18430,17090,16310,13780,11460,9310,6890,5110,3980,7720,225170
2009,Counties Manukau,Total,41150,38460,38970,39110,32960,30960,29940,34380,35210,34240,28530,24090,20620,15450,10880,7900,10020,472870
2009,Counties Manukau,Male,21160,19820,19790,19760,16340,14680,14020,16090,16770,16640,13980,11740,10140,7540,5170,3580,3890,231110
2009,Counties Manukau,Female,19990,18640,19180,19340,16620,16280,15920,18290,18450,17600,14550,12350,10480,7900,5700,4320,6130,241740
2009,Waikato,Total,27190,25870,26850,27680,25190,21860,21250,24560,25000,25950,23700,20750,18820,14910,11350,9160,11900,361990
2009,Waikato,Male,13880,13080,13840,13990,12770,10800,10240,11660,11990,12450,11570,10110,9240,7300,5510,4280,4690,177400
2009,Waikato,Female,13300,12780,13010,13690,12420,11060,11010,12900,13010,13500,12130,10640,9580,7620,5840,4890,7220,184600
2009,Lakes,Total,8090,7790,7950,7500,5820,5620,6090,7110,7180,7650,6740,5930,5360,4350,3090,2490,3070,101830
2009,Lakes,Male,4220,3980,4060,3860,2900,2710,2840,3380,3410,3660,3300,2890,2610,2160,1490,1180,1200,49850
2009,Lakes,Female,3870,3810,3890,3640,2930,2910,3250,3720,3760,4000,3440,3050,2750,2180,1590,1310,1870,51970
2009,Bay of Plenty,Total,14780,14800,15330,14460,10460,10200,11150,13800,14270,15430,14200,12920,12180,10320,8300,6780,9000,208380
2009,Bay of Plenty,Male,7650,7630,7880,7350,5260,4880,5280,6370,6670,7400,6760,6240,5950,4880,3990,3200,3680,101070
2009,Bay of Plenty,Female,7140,7170,7450,7110,5200,5320,5870,7430,7600,8030,7440,6670,6230,5440,4310,3580,5310,107300
2009,Tairawhiti,Total,3890,3860,3910,3640,2680,2400,2580,3050,3050,3320,3120,2810,2260,1790,1350,1130,1440,46280
2009,Tairawhiti,Male,2000,2020,1980,1860,1310,1120,1200,1430,1420,1580,1530,1410,1130,890,630,500,530,22540
2009,Tairawhiti,Female,1900,1840,1930,1780,1370,1280,1380,1620,1640,1730,1580,1400,1140,900,710,630,910,23740
2009,Taranaki,Total,7740,7470,7810,7840,6220,5950,6270,7520,7550,8330,7530,6740,6050,4740,3830,3220,4690,109500
2009,Taranaki,Male,4000,3870,3960,4070,3190,2950,3040,3560,3660,4080,3660,3390,3010,2320,1820,1480,1800,53860
2009,Taranaki,Female,3740,3600,3850,3770,3020,3010,3230,3960,3890,4250,3870,3350,3050,2420,2010,1730,2890,55640
2009,Hawke's Bay,Total,11310,11360,11920,11070,8160,7680,8520,10420,10610,11930,10520,9830,9010,6950,5300,4380,6070,155040
2009,Hawke's Bay,Male,5730,5760,6160,5550,4120,3710,4000,4870,5080,5680,5090,4720,4410,3410,2520,1990,2310,75110
2009,Hawke's Bay,Female,5570,5600,5760,5520,4030,3970,4520,5550,5530,6260,5430,5110,4590,3540,2790,2390,3740,79900
2009,Whanganui,Total,4360,4350,4680,4690,3500,3110,3200,3890,4220,4850,4470,3930,3560,2950,2430,2050,2840,63080
2009,Whanganui,Male,2270,2210,2440,2410,1780,1570,1550,1830,2020,2380,2220,1950,1760,1390,1110,940,1080,30910
2009,Whanganui,Female,2090,2140,2240,2290,1720,1550,1650,2060,2200,2480,2250,1990,1800,1570,1320,1110,1750,32210
2009,Midcentral,Total,11480,11130,11840,12760,12040,9700,9290,10660,10990,12110,10720,9570,8900,7300,5760,4790,6430,165470
2009,Midcentral,Male,5800,5660,6010,6370,6010,4720,4450,5020,5220,5860,5180,4650,4370,3520,2760,2220,2480,80300
2009,Midcentral,Female,5670,5470,5830,6390,6030,4980,4840,5640,5770,6250,5540,4930,4530,3780,3000,2560,3950,85160
2009,Hutt Valley,Total,10480,10210,10240,10380,8810,8560,9000,10840,10730,11010,9610,7930,7000,5310,3900,3280,4390,141680
2009,Hutt Valley,Male,5370,5250,5250,5290,4420,4140,4300,5180,5210,5330,4750,3970,3470,2570,1840,1460,1640,69440
2009,Hutt Valley,Female,5110,4950,4990,5100,4390,4420,4690,5650,5510,5680,4860,3950,3530,2740,2060,1820,2750,72200
2009,Capital and Coast,Total,19350,17880,17430,20450,23740,22510,21160,23110,21870,21260,17380,14960,13180,9780,7190,5830,8220,285300
2009,Capital and Coast,Male,9810,9050,8930,9970,11260,11000,10120,10950,10520,10260,8460,7280,6380,4730,3340,2620,3130,137810
2009,Capital and Coast,Female,9540,8830,8500,10480,12480,11510,11040,12160,11350,11010,8920,7690,6790,5050,3850,3210,5090,147500
2009,Wairarapa,Total,2690,2710,2880,2770,1780,1790,1940,2570,2750,3070,3100,2870,2740,2170,1620,1320,1820,40590
2009,Wairarapa,Male,1330,1380,1480,1380,920,850,940,1190,1320,1420,1580,1420,1380,1040,800,610,690,19730
2009,Wairarapa,Female,1360,1330,1400,1390,870,940,1000,1380,1430,1650,1520,1450,1360,1130,820,700,1140,20870
2009,Nelson Marlborough,Total,8520,8720,9090,8730,6470,6560,7370,9510,10030,11180,10490,9560,9080,6890,5010,4040,5770,137020
2009,Nelson Marlborough,Male,4390,4470,4730,4530,3360,3210,3540,4570,4760,5370,5190,4690,4530,3460,2480,1890,2290,67460
2009,Nelson Marlborough,Female,4130,4240,4350,4190,3120,3350,3830,4940,5260,5810,5290,4870,4560,3430,2530,2160,3490,69550
2009,West Coast,Total,2100,2020,2160,2200,1640,1570,1770,2260,2460,2870,2580,2250,2010,1600,1110,920,1140,32660
2009,West Coast,Male,1120,1040,1120,1140,860,760,840,1080,1220,1430,1360,1220,1040,850,560,460,470,16570
2009,West Coast,Female,980,980,1050,1060,780,820,930,1180,1240,1440,1220,1030,970,750,550,460,670,16110
2009,Canterbury,Total,33010,31480,32540,35160,35780,31390,31400,37060,37540,38310,34140,29980,26860,20230,15640,13230,19480,503230
2009,Canterbury,Male,17000,15970,16670,18210,18660,15800,15230,17740,18410,18800,16850,14750,13200,9880,7320,5970,7350,247810
2009,Canterbury,Female,16020,15510,15870,16950,17120,15600,16170,19320,19130,19510,17290,15230,13660,10340,8320,7260,12130,255430
2009,South Canterbury,Total,3240,3360,3910,3690,2470,2450,2760,3600,3860,4400,4140,3890,3660,2990,2410,2040,2900,55770
2009,South Canterbury,Male,1690,1740,2020,1950,1290,1220,1340,1730,1850,2130,2060,1970,1790,1480,1130,940,1110,27440
2009,South Canterbury,Female,1550,1620,1890,1740,1180,1240,1420,1870,2010,2270,2080,1920,1860,1520,1280,1100,1800,28350
2009,Southern,Total,18370,17910,18570,22940,23730,17890,17850,20270,20510,22690,20810,18120,16470,12750,9930,8330,11580,298720
2009,Southern,Male,9500,9210,9600,11320,11810,8870,8660,9820,9900,11100,10440,9190,8240,6390,4760,3860,4330,147000
2009,Southern,Female,8870,8710,8980,11620,11920,9020,9190,10460,10610,11590,10370,8940,8230,6360,5170,4470,7260,151770
2009,Area outside DHB,Total,0,10,10,10,15,20,25,25,30,40,55,50,50,30,15,15,0,400
2009,Area outside DHB,Male,0,5,5,5,10,10,15,20,20,25,35,35,30,20,10,10,0,255
2009,Area outside DHB,Female,0,5,5,5,5,10,10,5,10,15,20,15,20,10,5,5,0,145
2010,Northland,Total,11880,11520,12330,11360,8170,7180,7440,9630,10820,12050,11800,10720,10400,8330,6500,4560,5910,160600
2010,Northland,Male,6130,5860,6310,5850,4100,3480,3400,4470,5140,5690,5690,5250,5160,4160,3300,2230,2460,78680
2010,Northland,Female,5750,5660,6020,5510,4070,3700,4040,5160,5680,6350,6120,5470,5240,4170,3200,2340,3450,81930
2010,Waitemata,Total,38600,35110,37350,39580,34430,34950,33930,39740,41950,41310,35400,29400,26790,20080,14990,11090,15990,530690
2010,Waitemata,Male,19890,18070,19170,20090,17390,17090,16110,18790,20030,19850,17160,14240,13050,9640,7130,5130,6180,259010
2010,Waitemata,Female,18710,17040,18190,19490,17040,17860,17820,20950,21920,21470,18240,15170,13750,10440,7860,5960,9810,271720
2010,Auckland,Total,31160,25900,26150,31900,39820,41120,35990,35070,33060,32280,27540,23040,19350,13630,10330,7450,12130,445920
2010,Auckland,Male,16030,13290,13560,15850,19730,20160,17360,16820,15940,15760,13470,11250,9530,6640,4890,3500,4410,218190
2010,Auckland,Female,15130,12610,12590,16050,20090,20970,18620,18250,17130,16510,14070,11790,9820,6990,5450,3950,7730,227750
2010,Counties Manukau,Total,41970,38030,38960,39670,33840,31620,30060,33580,35190,34650,29480,24560,21480,15870,11520,8070,10360,478910
2010,Counties Manukau,Male,21550,19610,19860,20060,16810,15030,14000,15750,16720,16770,14420,11890,10580,7720,5530,3650,4060,234010
2010,Counties Manukau,Female,20420,18420,19100,19610,17030,16590,16050,17840,18480,17880,15060,12670,10900,8160,5980,4420,6300,244910
2010,Waikato,Total,27780,25950,27020,27460,26010,22110,21450,24180,25130,25910,24190,21290,19570,15370,11920,9230,12270,366840
2010,Waikato,Male,14200,13130,13860,14030,13050,10970,10300,11480,11980,12490,11760,10400,9590,7440,5790,4370,4860,179700
2010,Waikato,Female,13580,12810,13170,13440,12960,11140,11150,12700,13150,13420,12440,10890,9970,7930,6130,4860,7400,187140
2010,Lakes,Total,8130,7720,8090,7350,6050,5620,5930,6960,7160,7660,6900,6050,5600,4450,3260,2470,3210,102610
2010,Lakes,Male,4190,3950,4180,3800,2990,2700,2740,3340,3390,3640,3400,2930,2700,2170,1600,1180,1280,50180
2010,Lakes,Female,3950,3770,3920,3550,3060,2920,3190,3620,3770,4020,3500,3120,2900,2280,1660,1290,1920,52440
2010,Bay of Plenty,Total,15090,14750,15490,14270,10930,10290,10980,13590,14460,15400,14470,13250,12640,10600,8690,6770,9350,211020
2010,Bay of Plenty,Male,7820,7570,8030,7280,5470,4930,5190,6260,6700,7370,6880,6400,6140,5020,4170,3220,3850,102300
2010,Bay of Plenty,Female,7260,7180,7470,6990,5460,5360,5790,7330,7760,8030,7590,6850,6500,5590,4530,3560,5500,108750
2010,Tairawhiti,Total,3950,3890,3890,3580,2820,2420,2560,3000,3050,3270,3170,2860,2390,1820,1390,1140,1470,46670
2010,Tairawhiti,Male,2000,2050,1980,1830,1370,1110,1210,1420,1400,1540,1550,1440,1170,910,640,520,560,22700
2010,Tairawhiti,Female,1940,1840,1910,1750,1450,1310,1350,1580,1650,1730,1610,1420,1220,910,750,620,910,23950
2010,Taranaki,Total,8030,7470,7900,7590,6530,6010,6280,7450,7660,8240,7730,6850,6320,4840,3930,3210,4780,110820
2010,Taranaki,Male,4140,3880,4010,3970,3330,2980,3030,3540,3700,4040,3720,3450,3120,2410,1870,1490,1850,54530
2010,Taranaki,Female,3900,3580,3890,3620,3210,3030,3250,3910,3970,4200,4010,3400,3200,2430,2060,1730,2930,56320
2010,Hawke's Bay,Total,11730,11220,12070,10880,8500,7690,8340,10260,10640,11800,10860,9910,9430,7210,5550,4470,6240,156800
2010,Hawke's Bay,Male,5920,5710,6190,5530,4260,3730,3930,4710,5090,5620,5220,4740,4610,3570,2600,2050,2400,75880
2010,Hawke's Bay,Female,5800,5500,5890,5350,4240,3970,4400,5540,5540,6180,5640,5170,4810,3640,2950,2420,3840,80880
2010,Whanganui,Total,4520,4260,4660,4490,3590,3140,3100,3770,4140,4760,4530,4010,3710,2950,2530,2010,2920,63090
2010,Whanganui,Male,2350,2140,2440,2290,1830,1560,1490,1800,1980,2330,2200,2000,1830,1420,1140,910,1150,30860
2010,Whanganui,Female,2170,2120,2230,2200,1760,1580,1610,1970,2160,2430,2330,2010,1890,1530,1390,1110,1770,32260
2010,Midcentral,Total,11680,11000,11770,12780,12340,9750,9130,10470,10890,11990,11020,9800,9130,7460,6010,4800,6610,166630
2010,Midcentral,Male,5930,5580,6000,6370,6170,4720,4360,4940,5150,5730,5370,4740,4450,3610,2900,2220,2580,80820
2010,Midcentral,Female,5740,5420,5770,6410,6170,5020,4760,5530,5740,6260,5650,5050,4680,3850,3110,2590,4020,85770
2010,Hutt Valley,Total,10700,10030,10120,10310,9040,8510,8940,10540,10760,10910,9970,7970,7290,5460,4050,3240,4530,142370
2010,Hutt Valley,Male,5480,5140,5210,5260,4570,4070,4230,5030,5200,5310,4910,3960,3590,2680,1880,1460,1730,69710
2010,Hutt Valley,Female,5220,4890,4910,5050,4470,4440,4710,5510,5560,5600,5050,4010,3700,2780,2170,1790,2800,72660
2010,Capital and Coast,Total,19600,17750,17540,20730,24140,22220,21090,22680,21980,21320,18040,15220,13550,9980,7590,5850,8390,287670
2010,Capital and Coast,Male,9900,9080,8940,10110,11500,10790,10170,10700,10530,10310,8760,7360,6580,4790,3540,2690,3210,138960
2010,Capital and Coast,Female,9690,8680,8600,10630,12640,11440,10920,11980,11460,11010,9290,7860,6970,5200,4050,3170,5180,148770
2010,Wairarapa,Total,2770,2710,2910,2700,1900,1810,1920,2520,2800,3060,3120,2960,2840,2260,1700,1320,1880,41180
2010,Wairarapa,Male,1410,1370,1480,1380,950,890,900,1170,1320,1480,1510,1490,1410,1120,820,620,710,20030
2010,Wairarapa,Female,1370,1340,1430,1330,940,920,1020,1350,1480,1580,1610,1470,1430,1140,880,700,1170,21160
2010,Nelson Marlborough,Total,8720,8700,9210,8540,6630,6550,7190,9280,10140,11060,10710,9690,9530,7200,5300,4110,5910,138470
2010,Nelson Marlborough,Male,4450,4420,4800,4490,3380,3210,3470,4410,4840,5290,5270,4750,4720,3600,2640,1950,2370,68060
2010,Nelson Marlborough,Female,4260,4270,4410,4060,3240,3340,3730,4880,5300,5770,5440,4940,4810,3600,2660,2160,3550,70420
2010,West Coast,Total,2180,2030,2090,2150,1720,1600,1740,2180,2430,2800,2670,2280,2110,1620,1200,880,1170,32850
2010,West Coast,Male,1140,1060,1070,1110,890,800,810,1050,1170,1400,1420,1220,1110,840,610,450,490,16640
2010,West Coast,Female,1030,970,1020,1040,830,800,930,1130,1260,1410,1250,1060,1000,780,580,430,680,16200
2010,Canterbury,Total,33900,31380,32880,35180,36660,31970,31230,36430,37880,38590,35190,30400,28100,20770,16270,13030,20020,509880
2010,Canterbury,Male,17430,15890,16910,18300,19280,16190,15230,17400,18540,18890,17420,14990,13790,10170,7640,5960,7620,251650
2010,Canterbury,Female,16460,15490,15970,16880,17380,15790,16000,19030,19340,19700,17770,15410,14310,10610,8640,7070,12410,258260
2010,South Canterbury,Total,3340,3310,3860,3700,2610,2480,2720,3510,3850,4340,4190,3940,3800,2970,2550,2030,2950,56150
2010,South Canterbury,Male,1750,1710,1990,1970,1340,1220,1320,1680,1840,2090,2070,2010,1900,1450,1190,960,1130,27620
2010,South Canterbury,Female,1600,1600,1870,1740,1270,1260,1400,1830,2000,2250,2130,1940,1910,1520,1360,1070,1820,28570
2010,Southern,Total,18610,18050,18650,22870,24030,17980,17680,20090,20330,22480,21270,18470,17060,13040,10240,8260,11840,300950
2010,Southern,Male,9630,9270,9600,11300,12000,8870,8570,9760,9700,10980,10590,9390,8550,6520,4930,3870,4480,148010
2010,Southern,Female,8990,8780,9050,11570,12030,9110,9120,10340,10630,11500,10680,9080,8510,6520,5310,4390,7360,152970
2010,Area outside DHB,Total,5,5,15,5,10,15,20,25,25,35,55,50,45,35,15,10,5,375
2010,Area outside DHB,Male,0,5,10,0,10,10,15,20,15,20,35,35,30,20,10,5,5,245
2010,Area outside DHB,Female,0,5,5,5,0,5,10,10,10,15,20,15,15,10,5,5,0,135
2011,Northland,Total,12110,11570,12320,11250,8350,7400,7340,9250,10850,11820,11910,11130,10740,8610,6930,4690,6180,162450
2011,Northland,Male,6280,5900,6300,5780,4180,3560,3400,4280,5120,5600,5670,5470,5310,4260,3520,2290,2620,79540
2011,Northland,Female,5830,5680,6020,5460,4170,3840,3940,4970,5740,6220,6250,5670,5430,4350,3410,2400,3570,82950
2011,Waitemata,Total,39200,35340,37300,39560,35810,34910,34720,38510,42350,41620,36690,30250,27590,20950,15920,11310,16530,538560
2011,Waitemata,Male,20180,18190,19060,20220,18160,16960,16550,18200,20060,20070,17630,14620,13410,10110,7550,5230,6480,262680
2011,Waitemata,Female,19020,17150,18240,19340,17650,17940,18170,20310,22290,21550,19050,15630,14180,10840,8370,6080,10050,275860
2011,Auckland,Total,31420,26290,26340,31660,41200,41080,36420,34250,33310,32370,28330,23850,20250,14040,10940,7560,12370,451680
2011,Auckland,Male,16100,13390,13620,15830,20510,20070,17680,16430,15940,15720,13880,11550,9960,6830,5220,3520,4570,220820
2011,Auckland,Female,15320,12900,12720,15830,20700,21010,18740,17820,17370,16650,14460,12300,10280,7210,5720,4040,7790,230860
2011,Counties Manukau,Total,42470,38040,39020,39860,34930,32030,30360,32660,35450,34950,30480,25320,22200,16480,12380,8150,10830,485610
2011,Counties Manukau,Male,21900,19560,19980,20210,17440,15200,14080,15250,16770,16950,14850,12240,10930,8020,5930,3690,4310,237310
2011,Counties Manukau,Female,20570,18480,19040,19650,17490,16840,16280,17410,18690,18000,15630,13070,11270,8450,6440,4460,6530,248300
2011,Waikato,Total,28250,26030,27140,27270,26630,22390,21640,23340,25510,25710,24870,21790,20270,15780,12640,9300,12700,371260
2011,Waikato,Male,14530,13120,13870,14060,13290,11010,10440,11110,12090,12400,12030,10690,9900,7640,6090,4440,5080,181790
2011,Waikato,Female,13720,12910,13270,13210,13340,11380,11200,12230,13430,13310,12840,11100,10370,8140,6550,4850,7630,189480
2011,Lakes,Total,8140,7680,8050,7240,6210,5650,5830,6690,7250,7450,7140,6150,5780,4490,3540,2510,3310,103110
2011,Lakes,Male,4220,3940,4150,3710,3090,2710,2710,3210,3430,3540,3510,2950,2770,2180,1770,1180,1330,50400
2011,Lakes,Female,3920,3740,3900,3530,3110,2940,3120,3480,3820,3910,3640,3200,3010,2310,1770,1330,1980,52710
2011,Bay of Plenty,Total,15380,14690,15670,13970,11340,10370,10900,13090,14560,15210,14850,13560,13060,10790,9270,6810,9700,213220
2011,Bay of Plenty,Male,7950,7530,8100,7180,5670,4970,5130,6060,6750,7240,7020,6490,6320,5190,4380,3230,4040,103250
2011,Bay of Plenty,Female,7430,7160,7570,6790,5660,5400,5770,7030,7820,7970,7830,7070,6740,5590,4890,3580,5650,109950
2011,Tairawhiti,Total,3930,3860,3910,3530,2910,2430,2520,2900,3060,3140,3230,2890,2550,1840,1490,1100,1530,46820
2011,Tairawhiti,Male,1990,2020,2000,1820,1410,1120,1170,1370,1410,1490,1560,1440,1270,910,690,500,590,22760
2011,Tairawhiti,Female,1950,1840,1910,1710,1500,1300,1350,1540,1650,1650,1680,1450,1280,930,800,590,940,24070
2011,Taranaki,Total,8270,7470,7970,7320,6730,6050,6370,7240,7870,7990,7990,7020,6510,5010,4070,3240,4850,111970
2011,Taranaki,Male,4280,3870,4060,3810,3430,2970,3080,3430,3820,3910,3820,3520,3250,2480,1920,1510,1890,55050
2011,Taranaki,Female,4000,3600,3910,3510,3290,3090,3290,3810,4050,4080,4170,3500,3260,2530,2150,1730,2960,56930
2011,Hawke's Bay,Total,11810,11200,11970,10810,8770,7620,8190,9880,10770,11510,11200,10010,9840,7410,5890,4480,6480,157840
2011,Hawke's Bay,Male,5950,5700,6120,5580,4320,3700,3840,4570,5100,5470,5410,4770,4770,3640,2780,2060,2540,76320
2011,Hawke's Bay,Female,5860,5510,5850,5220,4450,3910,4350,5310,5670,6030,5790,5240,5070,3770,3110,2420,3940,81500
2011,Whanganui,Total,4530,4200,4550,4360,3670,3140,3070,3600,4090,4610,4550,4150,3830,3000,2630,2010,2970,62960
2011,Whanganui,Male,2330,2130,2370,2260,1880,1530,1500,1710,1950,2250,2200,2060,1900,1440,1200,900,1180,30790
2011,Whanganui,Female,2200,2070,2190,2100,1790,1610,1570,1900,2140,2370,2340,2090,1930,1560,1440,1110,1790,32200
2011,Midcentral,Total,11830,11010,11760,12680,12530,9720,9170,10090,10950,11690,11400,9900,9490,7570,6360,4820,6830,167800
2011,Midcentral,Male,5980,5610,5950,6380,6240,4710,4380,4740,5160,5570,5610,4740,4560,3690,3090,2190,2730,81330
2011,Midcentral,Female,5850,5400,5810,6300,6290,5010,4790,5350,5780,6120,5800,5170,4930,3880,3270,2630,4100,86480
2011,Hutt Valley,Total,10750,9880,10080,10120,9180,8500,8890,10190,10980,10720,10210,8200,7520,5510,4320,3220,4670,142940
2011,Hutt Valley,Male,5480,5060,5220,5120,4620,4080,4200,4880,5300,5170,5040,4050,3730,2660,2050,1430,1800,69890
2011,Hutt Valley,Female,5260,4820,4870,5000,4560,4420,4690,5310,5680,5550,5170,4150,3800,2850,2270,1790,2870,73060
2011,Capital and Coast,Total,19720,17800,17700,20870,24750,21910,21080,21980,22150,21510,18680,15600,13900,10240,8030,5890,8590,290400
2011,Capital and Coast,Male,9990,9050,9020,10190,11840,10600,10160,10450,10520,10380,9040,7500,6760,4920,3740,2730,3310,140200
2011,Capital and Coast,Female,9730,8750,8680,10680,12910,11320,10910,11530,11630,11130,9640,8110,7130,5320,4290,3160,5280,150200
2011,Wairarapa,Total,2810,2760,2880,2720,1980,1790,1970,2400,2870,3000,3180,3020,2960,2330,1840,1310,1950,41770
2011,Wairarapa,Male,1450,1400,1440,1430,980,890,910,1120,1350,1460,1530,1510,1460,1180,870,630,740,20350
2011,Wairarapa,Female,1370,1360,1440,1290,990,910,1060,1280,1520,1540,1660,1510,1500,1150,970,670,1210,21430
2011,Nelson Marlborough,Total,8830,8770,9310,8470,6770,6520,7140,9040,10230,10910,10980,9940,9930,7560,5720,4200,6150,140470
2011,Nelson Marlborough,Male,4540,4470,4850,4470,3510,3170,3390,4330,4850,5230,5340,4860,4910,3770,2840,2010,2480,69020
2011,Nelson Marlborough,Female,4300,4300,4470,4000,3270,3350,3750,4720,5380,5680,5640,5080,5020,3790,2880,2190,3660,71480
2011,West Coast,Total,2190,2040,2090,2080,1800,1600,1750,2120,2390,2730,2780,2390,2170,1640,1270,870,1210,33120
2011,West Coast,Male,1120,1090,1070,1070,930,800,800,1010,1130,1380,1440,1280,1160,840,660,450,510,16740
2011,West Coast,Female,1070,950,1020,1010,860,800,950,1100,1260,1350,1340,1110,1010,800,610,420,700,16360
2011,Canterbury,Total,33280,30600,32050,34180,36540,31340,30270,34210,37400,37300,35150,30490,28190,20770,16700,12580,19810,500860
2011,Canterbury,Male,17060,15510,16430,17840,19400,15960,14750,16450,18220,18220,17400,15070,13910,10180,7900,5750,7650,247700
2011,Canterbury,Female,16220,15090,15610,16340,17140,15390,15520,17760,19170,19080,17740,15420,14280,10600,8810,6830,12170,253170
2011,South Canterbury,Total,3420,3300,3790,3700,2750,2550,2660,3380,3890,4300,4280,4010,3930,3060,2630,2040,3050,56740
2011,South Canterbury,Male,1790,1740,1940,1980,1400,1270,1280,1630,1850,2060,2090,2030,1980,1480,1240,960,1180,27900
2011,South Canterbury,Female,1630,1560,1850,1720,1340,1280,1390,1750,2040,2250,2190,1980,1950,1580,1390,1080,1870,28850
2011,Southern,Total,19090,18010,18760,22890,24380,17870,17800,19510,20680,21980,21700,19070,17650,13200,10950,8230,12180,303950
2011,Southern,Male,9900,9220,9660,11380,12170,8810,8640,9420,9860,10720,10690,9660,8860,6600,5340,3810,4710,149450
2011,Southern,Female,9180,8790,9110,11510,12210,9060,9160,10080,10810,11270,11010,9410,8780,6610,5610,4430,7470,154500
2011,Area outside DHB,Total,5,10,15,5,10,15,15,25,25,35,55,50,45,40,15,10,5,380
2011,Area outside DHB,Male,0,5,10,5,5,10,10,20,15,20,35,35,30,25,10,5,5,245
2011,Area outside DHB,Female,0,5,5,5,5,5,10,5,10,15,20,15,15,15,5,5,0,140
2012,Northland,Total,12050,11890,12230,11100,8360,7450,7280,8890,10690,11560,12100,11340,10830,9170,7310,4850,6380,163480
2012,Northland,Male,6260,6050,6280,5720,4140,3620,3400,4060,5010,5470,5770,5510,5320,4560,3690,2370,2720,79950
2012,Northland,Female,5790,5850,5950,5370,4230,3830,3880,4830,5680,6090,6330,5830,5510,4610,3630,2480,3650,83540
2012,Waitemata,Total,39760,36030,36800,39480,36880,34670,35250,37430,42830,41460,37910,31320,27740,22350,16910,11700,16890,545410
2012,Waitemata,Male,20480,18480,18920,20160,18800,16800,16720,17750,20230,19880,18290,15040,13470,10800,8050,5340,6730,265940
2012,Waitemata,Female,19280,17550,17880,19310,18080,17860,18530,19680,22600,21580,19620,16280,14270,11550,8860,6360,10160,279450
2012,Auckland,Total,31170,26750,26160,31560,42070,41040,36940,33250,33650,32190,29070,24650,20810,14930,11480,7820,12470,456010
2012,Auckland,Male,16040,13640,13500,15860,20940,20110,17940,15940,16040,15590,14120,11940,10270,7240,5450,3650,4690,222960
2012,Auckland,Female,15130,13110,12660,15700,21130,20930,19000,17300,17610,16590,14950,12720,10540,7690,6030,4170,7790,233050
2012,Counties Manukau,Total,42310,38600,38750,39890,35900,32230,30950,31780,35760,34870,31620,26040,22650,17440,13110,8520,11130,491550
2012,Counties Manukau,Male,21790,19920,19840,20300,17970,15290,14370,14770,16930,16890,15320,12560,11070,8540,6270,3950,4430,240210
2012,Counties Manukau,Female,20510,18680,18910,19590,17930,16940,16590,17000,18830,17970,16300,13480,11580,8900,6840,4580,6700,251330
2012,Waikato,Total,28370,26400,27090,27150,26920,22610,21650,22740,25590,25340,25490,22480,20340,16680,13360,9410,13180,374800
2012,Waikato,Male,14610,13330,13800,14030,13470,11060,10380,10890,12110,12200,12250,11000,9920,8120,6420,4450,5360,183400
2012,Waikato,Female,13760,13070,13290,13120,13460,11560,11280,11850,13480,13150,13240,11480,10420,8560,6940,4950,7820,191430
2012,Lakes,Total,7990,7790,7910,7130,6210,5710,5730,6450,7210,7210,7350,6320,5790,4740,3800,2500,3410,103250
2012,Lakes,Male,4110,3990,4110,3670,3130,2720,2670,3060,3440,3430,3560,3030,2790,2290,1880,1180,1400,50460
2012,Lakes,Female,3880,3800,3800,3470,3090,2990,3070,3390,3770,3780,3780,3290,3000,2440,1920,1310,2020,52800
2012,Bay of Plenty,Total,15200,14850,15650,13800,11440,10340,10800,12660,14540,14700,15110,13950,12950,11380,9720,6940,9870,213900
2012,Bay of Plenty,Male,7890,7620,8080,7110,5740,4940,5060,5860,6740,6930,7180,6610,6290,5480,4570,3260,4170,103530
2012,Bay of Plenty,Female,7310,7230,7560,6690,5700,5400,5740,6800,7800,7770,7930,7340,6660,5890,5150,3670,5700,110340
2012,Tairawhiti,Total,3950,3940,3880,3460,2880,2500,2490,2810,3070,3070,3230,2960,2640,1920,1550,1120,1560,47030
2012,Tairawhiti,Male,1990,2050,2030,1760,1420,1150,1150,1340,1400,1460,1530,1460,1330,930,740,510,610,22860
2012,Tairawhiti,Female,1960,1890,1850,1700,1460,1350,1350,1470,1670,1610,1700,1500,1320,990,820,610,950,24200
2012,Taranaki,Total,8320,7670,7950,7210,6700,6160,6320,7120,7860,7820,8160,7310,6550,5330,4170,3270,4940,112860
2012,Taranaki,Male,4270,3970,4040,3740,3420,3010,3090,3360,3800,3820,3940,3600,3280,2600,2010,1510,1960,55420
2012,Taranaki,Female,4050,3700,3910,3470,3280,3150,3220,3750,4060,3990,4220,3710,3270,2730,2170,1760,2980,57420
2012,Hawke's Bay,Total,11710,11220,11880,10770,8720,7600,7960,9490,10810,11170,11450,10130,9810,7870,6270,4560,6620,158040
2012,Hawke's Bay,Male,5880,5740,6040,5600,4250,3670,3750,4400,5040,5370,5470,4850,4700,3850,2950,2130,2620,76310
2012,Hawke's Bay,Female,5840,5480,5830,5170,4470,3920,4200,5080,5760,5800,5980,5280,5100,4020,3320,2430,3990,81670
2012,Whanganui,Total,4460,4180,4430,4260,3630,3090,3040,3400,3980,4480,4560,4250,3730,3200,2680,2040,2970,62380
2012,Whanganui,Male,2280,2140,2290,2210,1860,1520,1480,1620,1890,2150,2220,2120,1850,1550,1230,910,1180,30500
2012,Whanganui,Female,2180,2050,2140,2050,1770,1580,1560,1780,2100,2330,2340,2140,1880,1650,1450,1130,1780,31910
2012,Midcentral,Total,11810,11070,11560,12650,12600,9780,9120,9620,11020,11330,11700,10110,9510,8030,6650,4920,7020,168500
2012,Midcentral,Male,5960,5650,5890,6370,6260,4730,4310,4540,5180,5410,5680,4830,4580,3920,3200,2290,2810,81610
2012,Midcentral,Female,5850,5420,5670,6280,6340,5050,4810,5080,5830,5920,6010,5280,4930,4110,3450,2630,4210,86870
2012,Hutt Valley,Total,10590,9780,9990,9950,9100,8340,8910,9840,10920,10490,10370,8500,7410,5800,4570,3200,4750,142510
2012,Hutt Valley,Male,5340,5030,5170,5070,4550,3990,4210,4700,5290,5030,5080,4180,3650,2820,2180,1430,1850,69570
2012,Hutt Valley,Female,5250,4740,4830,4880,4540,4350,4710,5150,5630,5460,5290,4320,3750,2980,2390,1770,2900,72940
2012,Capital and Coast,Total,19500,18010,17620,20890,25170,21710,20990,21290,22210,21560,19360,15930,13920,10930,8410,5970,8760,292230
2012,Capital and Coast,Male,9900,9160,8950,10270,12050,10470,10110,10190,10520,10310,9370,7670,6730,5280,3930,2710,3440,141060
2012,Capital and Coast,Female,9600,8850,8660,10630,13120,11240,10870,11100,11680,11250,9980,8260,7190,5650,4470,3260,5320,151130
2012,Wairarapa,Total,2780,2820,2850,2740,2010,1770,1940,2350,2900,2940,3200,3090,2990,2470,1940,1350,1970,42110
2012,Wairarapa,Male,1440,1420,1440,1430,1010,870,890,1120,1350,1410,1530,1540,1480,1240,940,650,760,20520
2012,Wairarapa,Female,1340,1400,1420,1320,1010,900,1050,1230,1550,1530,1680,1550,1510,1230,1000,700,1210,21630
2012,Nelson Marlborough,Total,8840,8890,9300,8410,6620,6570,7060,8560,10310,10740,11080,10080,9990,8080,6210,4340,6260,141340
2012,Nelson Marlborough,Male,4560,4510,4820,4440,3420,3190,3340,4050,4930,5130,5340,4920,4870,4060,3090,2050,2580,69300
2012,Nelson Marlborough,Female,4280,4380,4480,3970,3200,3380,3710,4510,5390,5610,5740,5160,5110,4010,3120,2280,3680,72010
2012,West Coast,Total,2250,2030,2070,1990,1800,1630,1720,1970,2410,2640,2830,2470,2120,1730,1340,890,1220,33110
2012,West Coast,Male,1140,1090,1060,1020,930,820,790,930,1160,1320,1450,1310,1130,890,690,450,530,16710
2012,West Coast,Female,1110,940,1010,970,870,810,930,1040,1250,1320,1370,1160,990,840,650,440,680,16380
2012,Canterbury,Total,32210,30580,31350,33840,36440,31070,29770,32480,37200,36400,35700,30970,27880,21840,17280,12580,19680,497270
2012,Canterbury,Male,16410,15640,16030,17750,19450,15910,14580,15730,18080,17770,17640,15320,13790,10640,8260,5720,7720,246440
2012,Canterbury,Female,15800,14930,15320,16090,16990,15150,15190,16750,19120,18620,18050,15640,14090,11190,9010,6850,11950,250740
2012,South Canterbury,Total,3390,3380,3730,3670,2800,2590,2630,3250,3910,4170,4420,4060,3920,3240,2780,2050,3100,57090
2012,South Canterbury,Male,1800,1760,1900,1980,1430,1300,1230,1550,1870,1990,2170,2040,1940,1590,1330,940,1240,28060
2012,South Canterbury,Female,1590,1620,1830,1690,1370,1290,1400,1690,2040,2180,2250,2010,1980,1650,1450,1100,1860,29000
2012,Southern,Total,19060,18210,18790,22870,24400,17660,17750,18770,20790,21380,22100,19400,17660,14030,11440,8230,12370,304910
2012,Southern,Male,9930,9340,9690,11340,12120,8760,8560,9110,9910,10350,10810,9810,8870,7000,5580,3830,4860,149870
2012,Southern,Female,9130,8870,9100,11530,12270,8900,9190,9660,10880,11030,11290,9590,8790,7030,5860,4400,7510,155030
2012,Area outside DHB,Total,5,5,15,10,5,10,15,20,20,40,40,50,50,35,20,5,5,350
2012,Area outside DHB,Male,5,5,5,5,5,5,5,15,15,20,25,35,30,25,15,5,5,225
2012,Area outside DHB,Female,0,0,5,5,0,5,10,5,10,20,15,15,20,10,5,5,0,130
2013,Northland,Total,12180,12150,12110,11060,8390,7560,7340,8500,10540,11220,12270,11560,10960,9880,7470,5020,6550,164760
2013,Northland,Male,6280,6190,6270,5750,4190,3590,3440,3900,4930,5310,5820,5580,5370,4920,3750,2470,2800,80560
2013,Northland,Female,5900,5960,5840,5300,4190,3970,3900,4600,5620,5910,6450,5980,5590,4960,3720,2540,3750,84180
2013,Waitemata,Total,39670,37030,36420,39110,38280,34460,36360,36750,42750,41440,39240,32370,27980,24070,17370,12200,17300,552800
2013,Waitemata,Male,20510,18960,18760,20020,19590,16720,17250,17440,20120,19830,18930,15540,13510,11600,8320,5610,6920,269630
2013,Waitemata,Female,19170,18070,17660,19090,18700,17740,19110,19310,22630,21610,20310,16830,14480,12470,9050,6590,10370,283190
2013,Auckland,Total,30140,27100,25840,31330,43260,42100,37790,32560,33430,31970,29820,25370,21310,16150,11760,8080,12470,460480
2013,Auckland,Male,15500,13810,13270,15900,21600,20690,18410,15620,15910,15450,14430,12260,10490,7830,5610,3780,4720,225280
2013,Auckland,Female,14630,13290,12580,15430,21650,21400,19380,16940,17510,16520,15390,13110,10820,8320,6150,4300,7740,235160
2013,Counties Manukau,Total,41310,39260,38660,39420,37010,32730,31720,31020,35540,34740,32690,26890,22960,18560,13470,8890,11440,496310
2013,Counties Manukau,Male,21230,20320,19870,20130,18600,15560,14750,14490,16710,16770,15810,13010,11150,9070,6480,4150,4560,242660
2013,Counties Manukau,Female,20080,18940,18780,19290,18410,17170,16970,16520,18830,17970,16880,13880,11810,9490,6980,4750,6880,253630
2013,Waikato,Total,28230,27150,26640,27480,26880,22940,21670,22250,25490,25120,25810,23030,20450,17990,13620,9690,13460,377900
2013,Waikato,Male,14530,13730,13510,14200,13510,11170,10380,10650,12070,12050,12430,11200,9910,8820,6530,4630,5480,184800
2013,Waikato,Female,13700,13420,13120,13280,13380,11770,11290,11610,13420,13070,13380,11830,10540,9170,7080,5070,7980,193110
2013,Lakes,Total,7840,7770,7740,7160,6170,5840,5590,6210,7140,7100,7390,6400,5820,5070,3920,2580,3450,103190
2013,Lakes,Male,4040,3970,4010,3690,3150,2770,2580,2930,3410,3380,3560,3090,2790,2470,1920,1230,1410,50400
2013,Lakes,Female,3800,3800,3730,3480,3020,3070,3000,3280,3730,3710,3830,3310,3030,2600,2000,1350,2040,52780
2013,Bay of Plenty,Total,14950,15200,15400,13940,11350,10500,10760,12190,14580,14530,15310,14080,12930,12150,9820,7200,10070,214960
2013,Bay of Plenty,Male,7720,7830,7910,7230,5710,5010,5000,5680,6770,6810,7240,6650,6240,5870,4640,3380,4250,103940
2013,Bay of Plenty,Female,7230,7370,7480,6700,5640,5500,5760,6510,7810,7720,8070,7420,6680,6280,5180,3830,5820,111000
2013,Tairawhiti,Total,3880,3950,3860,3450,2890,2540,2480,2680,3060,3010,3220,2970,2650,2110,1580,1110,1550,46990
2013,Tairawhiti,Male,1960,2050,2040,1770,1450,1160,1120,1270,1420,1410,1530,1460,1330,1030,740,500,620,22860
2013,Tairawhiti,Female,1920,1890,1820,1680,1450,1380,1370,1410,1640,1600,1690,1510,1320,1080,840,610,940,24150
2013,Taranaki,Total,8300,7930,7860,7290,6480,6380,6430,6860,7930,7720,8300,7360,6700,5690,4230,3350,4960,113770
2013,Taranaki,Male,4280,4050,4030,3780,3370,3090,3160,3230,3830,3780,4010,3600,3350,2770,2060,1540,1960,55890
2013,Taranaki,Female,4020,3880,3830,3510,3100,3290,3270,3630,4090,3940,4300,3760,3350,2910,2170,1810,2990,57850
2013,Hawke's Bay,Total,11620,11410,11620,10940,8650,7710,7760,9070,10860,10840,11690,10260,9790,8470,6430,4650,6710,158480
2013,Hawke's Bay,Male,5860,5780,5860,5710,4260,3700,3660,4210,5060,5220,5580,4880,4640,4140,3070,2190,2650,76470
2013,Hawke's Bay,Female,5760,5630,5750,5230,4390,4010,4100,4860,5800,5620,6110,5380,5150,4330,3360,2460,4040,81980
2013,Whanganui,Total,4440,4200,4320,4250,3550,3130,3050,3280,3880,4280,4670,4290,3760,3410,2670,2100,2970,62250
2013,Whanganui,Male,2240,2170,2240,2200,1810,1520,1490,1570,1850,2020,2300,2110,1870,1680,1220,940,1180,30410
2013,Whanganui,Female,2200,2040,2080,2050,1740,1610,1560,1710,2030,2260,2370,2180,1880,1730,1460,1160,1790,31850
2013,Midcentral,Total,11520,11370,11380,12530,12680,9870,9040,9360,10820,11030,11930,10370,9520,8540,6760,5020,7190,168930
2013,Midcentral,Male,5800,5810,5800,6280,6330,4740,4230,4420,5100,5270,5750,4980,4550,4200,3200,2370,2900,81730
2013,Midcentral,Female,5720,5560,5580,6250,6350,5120,4810,4930,5720,5760,6180,5390,4960,4350,3550,2650,4280,87160
2013,Hutt Valley,Total,10300,9900,9790,9770,9070,8380,8910,9500,10900,10380,10560,8730,7390,6210,4620,3280,4780,142470
2013,Hutt Valley,Male,5180,5090,5040,5040,4490,4030,4220,4520,5250,5020,5120,4280,3680,2990,2190,1460,1880,69480
2013,Hutt Valley,Female,5120,4800,4750,4730,4580,4350,4690,4980,5650,5360,5440,4450,3710,3220,2430,1810,2890,72960
2013,Capital and Coast,Total,19210,18140,17600,20810,25710,21520,20970,20700,22180,21260,19930,16240,14020,11710,8540,5980,8940,293460
2013,Capital and Coast,Male,9830,9150,8950,10280,12340,10360,10170,9920,10490,10200,9600,7780,6820,5630,4010,2740,3520,141790
2013,Capital and Coast,Female,9380,9000,8650,10530,13370,11150,10810,10780,11690,11050,10330,8470,7200,6090,4530,3250,5430,151710
2013,Wairarapa,Total,2750,2860,2830,2720,2080,1760,1980,2250,2870,2900,3210,3130,2950,2680,1990,1420,2000,42380
2013,Wairarapa,Male,1460,1440,1440,1420,1020,860,920,1060,1330,1420,1500,1580,1460,1330,960,670,780,20650
2013,Wairarapa,Female,1290,1420,1390,1300,1050,900,1060,1190,1540,1480,1710,1550,1490,1350,1030,750,1230,21730
2013,Nelson Marlborough,Total,8660,9150,9170,8570,6480,6640,6970,8220,10230,10470,11260,10290,9860,8860,6420,4470,6410,142130
2013,Nelson Marlborough,Male,4420,4680,4720,4510,3370,3230,3240,3910,4860,5010,5370,5060,4790,4410,3210,2130,2660,69580
2013,Nelson Marlborough,Female,4250,4470,4440,4060,3110,3420,3730,4310,5380,5460,5890,5230,5070,4450,3220,2340,3760,72590
2013,West Coast,Total,2210,2070,2040,1930,1750,1670,1690,1880,2360,2580,2840,2500,2150,1830,1340,910,1210,32960
2013,West Coast,Male,1090,1100,1050,1000,910,820,780,900,1140,1270,1440,1320,1160,960,700,450,530,16620
2013,West Coast,Female,1120,970,990,930,840,850,910,980,1220,1310,1400,1170,990,880,640,470,660,16330
2013,Canterbury,Total,32150,31430,31240,34130,37000,31360,30210,31590,37270,36480,36720,31880,28280,23640,17640,12820,19790,503630
2013,Canterbury,Male,16470,16100,15940,17940,19850,16170,14940,15440,18010,17890,18190,15730,13990,11550,8410,5870,7860,250350
2013,Canterbury,Female,15680,15330,15300,16190,17150,15190,15280,16140,19260,18590,18530,16150,14290,12090,9230,6950,11930,253280
2013,South Canterbury,Total,3460,3470,3660,3640,2870,2640,2690,3090,3870,4110,4500,4050,3960,3480,2840,2090,3150,57570
2013,South Canterbury,Male,1840,1810,1880,1960,1490,1300,1300,1470,1850,1950,2210,2030,1950,1690,1380,940,1270,28320
2013,South Canterbury,Female,1620,1660,1780,1680,1380,1340,1390,1620,2030,2160,2290,2020,2000,1780,1460,1150,1880,29240
2013,Southern,Total,19110,18530,18600,22930,24390,17760,17660,18390,20860,20790,22240,19960,17540,15230,11530,8450,12460,306430
2013,Southern,Male,9930,9530,9570,11340,12140,8840,8470,8860,10040,10020,10850,10000,8830,7590,5630,3950,4960,150550
2013,Southern,Female,9180,9000,9030,11590,12250,8920,9190,9530,10820,10770,11390,9960,8710,7640,5900,4500,7500,155880
2013,Area outside DHB,Total,10,5,10,15,5,5,15,15,20,30,45,40,50,40,20,10,5,340
2013,Area outside DHB,Male,5,5,5,5,5,5,5,5,15,15,30,30,30,25,15,5,5,210
2013,Area outside DHB,Female,5,0,5,5,0,0,10,5,5,15,15,10,20,15,5,0,0,115
2014,Northland,Total,11910,12310,12010,11070,8570,7730,7380,8140,10250,11110,12230,11920,11210,10320,7810,5270,6780,166020
2014,Northland,Male,6080,6350,6150,5760,4330,3710,3520,3720,4780,5230,5780,5670,5480,5150,3910,2590,2890,81100
2014,Northland,Female,5830,5960,5850,5310,4240,4030,3850,4420,5470,5870,6450,6250,5730,5170,3900,2670,3890,84890
2014,Waitemata,Total,39570,37800,36330,39260,39940,36250,37230,36460,42160,41690,40030,33530,28510,25000,18230,12750,17800,562540
2014,Waitemata,Male,20450,19370,18710,20260,20470,17890,17660,17280,19940,19930,19330,16110,13710,12020,8710,5910,7220,274970
2014,Waitemata,Female,19120,18430,17610,19000,19470,18360,19580,19180,22220,21770,20700,17420,14790,12980,9520,6840,10580,287570
2014,Auckland,Total,30050,27660,25620,31140,45720,44930,39490,32920,33510,31610,30610,26000,21960,17240,12120,8570,12740,471890
2014,Auckland,Male,15490,14150,13090,15890,23060,22180,19290,15820,15960,15130,14880,12550,10730,8370,5770,3980,4950,231290
2014,Auckland,Female,14560,13500,12540,15260,22670,22750,20200,17100,17550,16480,15730,13450,11230,8870,6350,4580,7780,240600
2014,Counties Manukau,Total,41650,40130,38900,39630,38780,35430,33230,31220,35170,35130,33730,27780,23630,19530,14110,9400,11760,509210
2014,Counties Manukau,Male,21430,20700,20080,20320,19590,17050,15570,14680,16540,16780,16420,13460,11420,9610,6800,4380,4710,249540
2014,Counties Manukau,Female,20220,19430,18820,19310,19190,18380,17660,16540,18630,18340,17310,14330,12220,9920,7310,5020,7050,259680
2014,Waikato,Total,27940,27920,26400,27920,27530,23760,22020,21970,25280,25130,25990,23720,20860,18910,14240,10140,13810,383540
2014,Waikato,Male,14340,14240,13410,14350,14070,11680,10540,10500,11990,12090,12430,11510,10090,9250,6910,4820,5670,187890
2014,Waikato,Female,13600,13690,12990,13560,13460,12080,11480,11470,13290,13040,13560,12210,10770,9660,7330,5320,8140,195650
2014,Lakes,Total,7560,7970,7650,7130,6330,5900,5580,6030,7020,6990,7430,6540,5850,5280,4100,2650,3530,103540
2014,Lakes,Male,3850,4110,3920,3700,3270,2810,2600,2800,3370,3330,3550,3150,2800,2560,2010,1250,1470,50550
2014,Lakes,Female,3710,3850,3730,3430,3060,3100,2980,3230,3660,3660,3880,3390,3050,2720,2090,1400,2070,53010
2014,Bay of Plenty,Total,14740,15460,15270,14210,11590,10690,10770,11860,14440,14480,15370,14240,13340,12740,10200,7520,10440,217360
2014,Bay of Plenty,Male,7550,7990,7840,7490,5910,5090,5020,5490,6690,6750,7280,6750,6310,6200,4790,3570,4380,105100
2014,Bay of Plenty,Female,7190,7470,7440,6730,5680,5590,5750,6370,7750,7730,8090,7490,7030,6540,5410,3950,6060,112270
2014,Tairawhiti,Total,3750,4000,3880,3410,2880,2590,2450,2620,3020,3000,3150,3030,2740,2200,1630,1130,1590,47070
2014,Tairawhiti,Male,1910,2060,2060,1770,1470,1190,1110,1210,1410,1390,1500,1470,1360,1090,780,510,620,22910
2014,Tairawhiti,Female,1840,1940,1820,1650,1420,1390,1340,1420,1620,1610,1650,1560,1380,1110,850,620,970,24190
2014,Taranaki,Total,8200,8270,7710,7360,6620,6450,6490,6740,7950,7700,8280,7520,6770,5980,4430,3380,5100,114950
2014,Taranaki,Male,4220,4250,3950,3770,3530,3150,3160,3250,3770,3770,4060,3630,3380,2950,2150,1550,2040,56580
2014,Taranaki,Female,3990,4020,3760,3580,3090,3300,3330,3480,4180,3940,4220,3900,3390,3030,2280,1820,3060,58370
2014,Hawke's Bay,Total,11510,11560,11600,10980,8750,7830,7770,8700,10760,10600,11690,10480,9860,8980,6660,4810,6890,159430
2014,Hawke's Bay,Male,5800,5820,5860,5720,4410,3780,3700,4040,4990,5090,5560,5000,4640,4370,3200,2260,2780,77020
2014,Hawke's Bay,Female,5720,5740,5740,5270,4340,4050,4070,4660,5770,5510,6130,5480,5220,4610,3460,2560,4110,82440
2014,Whanganui,Total,4330,4320,4250,4100,3490,3210,3020,3180,3780,4140,4680,4380,3890,3520,2760,2110,3020,62180
2014,Whanganui,Male,2170,2220,2180,2160,1780,1560,1480,1550,1760,1960,2300,2150,1920,1730,1280,930,1200,30330
2014,Whanganui,Female,2170,2100,2070,1940,1710,1650,1540,1630,2010,2180,2370,2230,1970,1790,1480,1180,1820,31840
2014,Midcentral,Total,11390,11590,11230,12800,12720,10060,9180,9170,10680,10900,11930,10660,9610,8950,6940,5200,7310,170320
2014,Midcentral,Male,5760,5900,5720,6510,6440,4850,4370,4330,5000,5150,5750,5110,4640,4350,3340,2440,2990,82650
2014,Midcentral,Female,5630,5690,5510,6300,6280,5200,4810,4840,5670,5750,6180,5550,4960,4600,3600,2760,4330,87660
2014,Hutt Valley,Total,10170,9980,9770,9660,9270,8570,9030,9310,10830,10330,10470,9200,7460,6460,4740,3370,4840,143460
2014,Hutt Valley,Male,5160,5120,4990,5000,4720,4100,4340,4430,5170,5010,5050,4550,3710,3150,2250,1510,1910,70170
2014,Hutt Valley,Female,5010,4850,4780,4660,4550,4470,4690,4880,5660,5320,5420,4660,3750,3320,2490,1860,2930,73300
2014,Capital and Coast,Total,18640,18390,17610,19880,27110,22420,21080,20300,22230,21140,20350,16620,14260,12410,8890,6210,9170,296710
2014,Capital and Coast,Male,9550,9340,8980,9900,13080,10840,10150,9710,10590,10100,9760,8020,6920,5920,4210,2790,3680,143540
2014,Capital and Coast,Female,9090,9040,8630,9980,14020,11580,10930,10590,11640,11050,10590,8600,7340,6490,4680,3420,5500,153170
2014,Wairarapa,Total,2690,2880,2830,2770,2160,1800,1980,2190,2760,2930,3170,3210,2970,2810,2100,1460,2050,42760
2014,Wairarapa,Male,1410,1450,1440,1460,1100,860,940,1030,1270,1410,1450,1640,1440,1400,1000,710,810,20820
2014,Wairarapa,Female,1280,1430,1390,1310,1060,930,1050,1160,1490,1520,1720,1570,1530,1410,1100,750,1240,21940
2014,Nelson Marlborough,Total,8460,9110,9250,8580,6590,6670,7000,7900,10070,10410,11290,10590,9810,9340,6860,4630,6570,143130
2014,Nelson Marlborough,Male,4290,4660,4750,4550,3450,3280,3300,3720,4790,4980,5400,5200,4730,4610,3420,2240,2750,70120
2014,Nelson Marlborough,Female,4170,4450,4500,4020,3130,3390,3700,4180,5270,5430,5880,5390,5090,4730,3440,2380,3820,72970
2014,West Coast,Total,2050,2130,1990,1830,1760,1770,1660,1800,2290,2420,2860,2550,2200,1920,1420,930,1240,32820
2014,West Coast,Male,1010,1100,1020,980,910,890,760,860,1130,1190,1410,1350,1170,1000,760,460,560,16560
2014,West Coast,Female,1040,1030,970,850,850,890,900,940,1170,1240,1450,1190,1020,920,660,470,680,16270
2014,Canterbury,Total,31920,32320,31360,35270,37960,33860,31660,31340,37040,36920,37190,32870,28530,24940,18130,13240,19940,514490
2014,Canterbury,Male,16360,16610,15940,18510,20630,17810,15940,15390,17940,18310,18350,16250,14090,12180,8680,6050,7990,257030
2014,Canterbury,Female,15560,15710,15420,16760,17330,16050,15710,15950,19100,18610,18840,16620,14440,12760,9450,7190,11950,257450
2014,South Canterbury,Total,3430,3620,3590,3760,2890,2770,2700,3040,3840,3990,4490,4160,3950,3660,2920,2140,3170,58120
2014,South Canterbury,Male,1810,1890,1840,2010,1540,1380,1290,1460,1850,1900,2180,2060,1980,1780,1430,990,1260,28650
2014,South Canterbury,Female,1620,1730,1740,1750,1350,1390,1410,1580,1990,2090,2310,2100,1970,1880,1490,1150,1900,29450
2014,Southern,Total,18840,19030,18560,22790,24980,18570,17900,18120,20550,20630,22440,20490,17750,16030,11850,8640,12690,309860
2014,Southern,Male,9720,9890,9510,11330,12560,9250,8720,8720,9890,9980,10890,10190,8930,7970,5850,4030,5100,152530
2014,Southern,Female,9120,9140,9060,11460,12420,9310,9180,9400,10670,10650,11550,10300,8810,8060,6000,4610,7590,157330
2014,Area outside DHB,Total,10,5,15,15,5,5,15,15,20,35,40,45,50,40,25,10,5,355
2014,Area outside DHB,Male,5,0,5,5,5,5,5,5,15,15,25,30,35,25,15,5,5,205
2014,Area outside DHB,Female,5,0,5,5,0,0,10,10,5,20,15,15,20,15,5,0,0,130
2015,Northland,Total,11680,12690,11860,11040,8930,8010,7600,7870,10040,11070,12270,12200,11310,10900,8100,5730,6970,168270
2015,Northland,Male,5950,6580,6070,5710,4650,3820,3650,3630,4640,5230,5750,5820,5470,5450,4040,2820,2990,82270
2015,Northland,Female,5730,6110,5790,5330,4290,4190,3960,4250,5400,5840,6530,6380,5840,5450,4060,2910,3980,86040
2015,Waitemata,Total,39680,39130,35950,39640,41720,39280,38990,36890,41610,41870,40510,34720,29050,25890,18960,13520,18240,575650
2015,Waitemata,Male,20520,20060,18450,20580,21620,19540,18640,17540,19690,20050,19500,16720,13940,12480,9000,6320,7410,282060
2015,Waitemata,Female,19160,19070,17500,19060,20090,19740,20350,19340,21920,21820,21000,18000,15100,13410,9960,7200,10830,293550
2015,Auckland,Total,30070,28390,25570,31620,48890,51250,42220,33930,33370,31790,31030,26600,22570,18290,12450,9120,12820,489980
2015,Auckland,Male,15570,14520,13070,16210,24910,25740,20730,16400,15940,15170,15020,12890,10940,8880,5940,4200,5060,241190
2015,Auckland,Female,14510,13870,12490,15400,23980,25510,21490,17530,17430,16610,16010,13710,11630,9420,6510,4920,7770,248790
2015,Counties Manukau,Total,41700,41160,38470,40220,41070,37930,34570,31710,34700,35380,34340,28970,24200,20540,14470,10120,12140,521690
2015,Counties Manukau,Male,21450,21230,19760,20670,21080,18530,16220,14880,16360,16810,16710,14060,11620,10110,6930,4740,4910,256070
2015,Counties Manukau,Female,20250,19940,18720,19540,19980,19390,18340,16830,18340,18580,17640,14910,12580,10430,7540,5380,7230,265620
2015,Waikato,Total,27750,28770,26370,28140,28630,24880,22550,22000,24880,25460,25920,24140,21620,19740,14890,10670,14210,390620
2015,Waikato,Male,14280,14740,13340,14510,14890,12310,10890,10430,11830,12190,12480,11640,10450,9680,7160,5060,5890,191770
2015,Waikato,Female,13470,14020,13040,13630,13740,12570,11660,11570,13060,13280,13440,12500,11170,10060,7720,5610,8300,198840
2015,Lakes,Total,7540,8100,7570,7340,6380,6210,5650,5970,6960,6930,7430,6650,5930,5550,4200,2840,3560,104810
2015,Lakes,Male,3810,4150,3900,3850,3350,2970,2640,2750,3340,3290,3540,3240,2830,2640,2040,1350,1500,51190
2015,Lakes,Female,3730,3960,3670,3490,3030,3240,3010,3220,3610,3640,3890,3410,3100,2910,2160,1490,2070,53630
2015,Bay of Plenty,Total,14750,15840,15280,14410,12110,11180,10880,11550,14220,14800,15450,14580,13730,13340,10640,8020,10720,221500
2015,Bay of Plenty,Male,7570,8180,7840,7650,6230,5390,5070,5380,6590,6850,7310,6870,6510,6450,4990,3800,4530,107210
2015,Bay of Plenty,Female,7180,7660,7440,6760,5890,5790,5800,6180,7630,7950,8130,7720,7220,6890,5650,4220,6190,114300
2015,Tairawhiti,Total,3670,4050,3880,3380,2960,2690,2440,2570,2980,3010,3110,3050,2810,2310,1660,1180,1630,47380
2015,Tairawhiti,Male,1880,2060,2070,1770,1530,1240,1080,1210,1410,1380,1470,1470,1410,1120,820,520,650,23090
2015,Tairawhiti,Female,1790,2000,1810,1610,1430,1450,1360,1360,1570,1630,1650,1580,1400,1190,840,660,970,24300
2015,Taranaki,Total,8040,8530,7660,7470,6560,6700,6540,6660,7830,7850,8170,7660,6840,6200,4530,3480,5160,115880
2015,Taranaki,Male,4120,4350,3960,3860,3520,3310,3210,3230,3730,3820,4000,3690,3430,3050,2220,1600,2080,57180
2015,Taranaki,Female,3910,4170,3710,3610,3040,3390,3330,3430,4110,4030,4170,3980,3410,3150,2320,1870,3080,58710
2015,Hawke's Bay,Total,11180,11980,11400,11130,8960,8040,7700,8500,10520,10600,11620,10760,9860,9400,6880,5040,6970,160540
2015,Hawke's Bay,Male,5640,6000,5780,5760,4640,3870,3650,4010,4790,5090,5540,5120,4620,4540,3340,2330,2870,77590
2015,Hawke's Bay,Female,5540,5970,5610,5370,4320,4170,4050,4490,5730,5520,6080,5640,5240,4860,3540,2710,4080,82920
2015,Whanganui,Total,4270,4440,4170,4040,3580,3330,3020,3090,3660,4080,4630,4430,3980,3730,2810,2220,3090,62570
2015,Whanganui,Male,2170,2290,2100,2140,1860,1620,1470,1490,1730,1960,2270,2130,1970,1830,1340,980,1230,30580
2015,Whanganui,Female,2100,2150,2070,1900,1720,1710,1560,1610,1930,2120,2360,2300,2010,1900,1470,1240,1860,32010
2015,Midcentral,Total,11150,11910,11020,12810,13020,10660,9400,8980,10490,10880,11790,10980,9790,9180,7170,5410,7440,172080
2015,Midcentral,Male,5650,6110,5590,6510,6700,5180,4440,4250,4940,5140,5640,5290,4710,4440,3470,2550,3040,83650
2015,Midcentral,Female,5500,5800,5430,6290,6320,5480,4960,4730,5550,5740,6150,5690,5080,4740,3700,2860,4390,88410
2015,Hutt Valley,Total,9800,10350,9550,9600,9310,8770,8920,9250,10470,10450,10390,9510,7550,6730,4930,3510,4900,143990
2015,Hutt Valley,Male,5030,5330,4860,5000,4790,4300,4220,4360,5040,5060,5020,4700,3730,3260,2380,1550,1950,70580
2015,Hutt Valley,Female,4770,5020,4690,4600,4520,4470,4710,4900,5430,5390,5370,4810,3820,3470,2550,1950,2950,73420
2015,Capital and Coast,Total,18290,18760,17490,20010,27710,23480,21370,20500,22000,21220,20480,17340,14600,12780,9150,6640,9330,301150
2015,Capital and Coast,Male,9370,9560,8990,9900,13640,11550,10280,9910,10430,10110,9890,8360,7050,6140,4270,3020,3790,146260
2015,Capital and Coast,Female,8920,9190,8500,10110,14070,11930,11090,10590,11580,11120,10590,8990,7550,6640,4870,3620,5540,154900
2015,Wairarapa,Total,2640,2890,2800,2720,2270,1920,1990,2150,2700,2920,3170,3220,3020,2940,2160,1540,2110,43160
2015,Wairarapa,Male,1360,1490,1410,1420,1160,930,970,1010,1240,1390,1510,1540,1510,1450,1070,720,840,21020
2015,Wairarapa,Female,1280,1410,1390,1290,1110,990,1030,1150,1470,1540,1660,1680,1510,1490,1090,820,1270,22180
2015,Nelson Marlborough,Total,8140,9360,9120,8680,6770,6910,7060,7650,9790,10520,11210,10860,9950,9860,7170,4940,6750,144740
2015,Nelson Marlborough,Male,4150,4760,4660,4640,3610,3390,3360,3650,4600,5060,5330,5340,4790,4850,3550,2420,2870,71030
2015,Nelson Marlborough,Female,3980,4600,4470,4040,3160,3520,3700,4000,5190,5470,5880,5520,5170,5010,3610,2520,3890,73730
2015,West Coast,Total,1960,2200,1950,1770,1750,1770,1730,1740,2180,2320,2770,2620,2250,2000,1460,1000,1240,32710
2015,West Coast,Male,990,1130,1000,930,910,870,830,820,1070,1100,1370,1380,1190,1070,760,500,560,16480
2015,West Coast,Female,970,1080,950,840,840,910,900,920,1110,1230,1400,1240,1060,930,710,500,680,16270
2015,Canterbury,Total,31740,33380,31250,36520,39080,36880,33110,31710,36660,37470,37460,33730,28860,25850,18540,13820,20070,526130
2015,Canterbury,Male,16200,17200,15870,19040,21610,19670,16860,15720,17800,18640,18490,16700,14230,12610,8890,6320,8080,263930
2015,Canterbury,Female,15540,16180,15380,17480,17470,17210,16250,15990,18850,18830,18970,17020,14630,13240,9650,7500,11990,262180
2015,South Canterbury,Total,3380,3730,3510,3670,3080,2930,2740,3030,3730,4000,4430,4230,3980,3800,2890,2270,3150,58550
2015,South Canterbury,Male,1760,1950,1800,1930,1700,1430,1320,1460,1790,1910,2140,2080,2010,1870,1400,1040,1300,28890
2015,South Canterbury,Female,1620,1770,1710,1740,1380,1490,1420,1570,1950,2090,2290,2150,1970,1920,1490,1230,1850,29640
2015,Southern,Total,18320,19470,18580,22600,25870,19490,18510,18010,20420,20600,22300,20990,18200,16670,12120,9020,12840,314010
2015,Southern,Male,9400,10100,9570,11370,13050,9900,8990,8740,9890,9830,10870,10360,9200,8290,5960,4230,5230,154980
2015,Southern,Female,8920,9360,9010,11230,12820,9590,9520,9280,10530,10780,11430,10620,9010,8380,6160,4790,7600,159030
2015,Area outside DHB,Total,5,5,10,10,10,5,10,10,20,25,40,45,45,45,20,15,5,325
2015,Area outside DHB,Male,0,5,10,5,5,5,5,5,15,15,25,30,30,25,15,10,5,210
2015,Area outside DHB,Female,0,0,5,5,5,0,5,10,5,10,15,15,15,15,5,5,0,115
